
-- Executing script file `build/timing-reference/latest/synth.ys' --

1. Executing Verilog-2005 frontend: build/timing-reference/latest/converted.v
Parsing Verilog input from `build/timing-reference/latest/converted.v' to AST representation.
Generating RTLIL representation for module `\sync_fifo'.
Warning: Replacing memory \mem with list of registers. See build/timing-reference/latest/converted.v:65
Generating RTLIL representation for module `\uart_tx'.
Generating RTLIL representation for module `\uart_rx'.
Generating RTLIL representation for module `\apb_uart'.
Generating RTLIL representation for module `\apb_uart_echo_master'.
Generating RTLIL representation for module `\fpga_uart_demo'.
Successfully finished Verilog frontend.
Parameter \CLK_HZ = 50000000
Parameter \BAUD_RATE = 115200

2. Executing AST frontend in derive mode using pre-parsed AST for module `\fpga_uart_demo'.
Parameter \CLK_HZ = 50000000
Parameter \BAUD_RATE = 115200
Generating RTLIL representation for module `$paramod$c93e05566d0c28a8967afd62783ddd4c3ee897fd\fpga_uart_demo'.

3. Executing HIERARCHY pass (managing design hierarchy).

3.1. Analyzing design hierarchy..
Top module:  \fpga_uart_demo
Used module:     \apb_uart_echo_master
Used module:     \apb_uart
Used module:         \sync_fifo
Used module:         \uart_rx
Used module:         \uart_tx
Parameter \DATA_WIDTH = 8
Parameter \DEPTH = 16

3.2. Executing AST frontend in derive mode using pre-parsed AST for module `\sync_fifo'.
Parameter \DATA_WIDTH = 8
Parameter \DEPTH = 16
Generating RTLIL representation for module `$paramod$9b7a6de76a656f235265b36ced3b9a85d704f591\sync_fifo'.
Warning: Replacing memory \mem with list of registers. See build/timing-reference/latest/converted.v:65
Parameter \DATA_WIDTH = 8
Parameter \DEPTH = 16
Found cached RTLIL representation for module `$paramod$9b7a6de76a656f235265b36ced3b9a85d704f591\sync_fifo'.
Parameter \BAUD_DIV = 434

3.3. Executing AST frontend in derive mode using pre-parsed AST for module `\apb_uart_echo_master'.
Parameter \BAUD_DIV = 434
Generating RTLIL representation for module `$paramod\apb_uart_echo_master\BAUD_DIV=s32'00000000000000000000000110110010'.
Parameter \WAIT_CYCLES = 0
Parameter \FIFO_DEPTH = 16

3.4. Executing AST frontend in derive mode using pre-parsed AST for module `\apb_uart'.
Parameter \WAIT_CYCLES = 0
Parameter \FIFO_DEPTH = 16
Generating RTLIL representation for module `$paramod$ae88f438a6f6d99783e6a82657279bef00bc9dad\apb_uart'.

3.5. Analyzing design hierarchy..
Top module:  \fpga_uart_demo
Used module:     $paramod\apb_uart_echo_master\BAUD_DIV=s32'00000000000000000000000110110010
Used module:     $paramod$ae88f438a6f6d99783e6a82657279bef00bc9dad\apb_uart
Used module:         \sync_fifo
Used module:         \uart_rx
Used module:         \uart_tx
Parameter \DATA_WIDTH = 8
Parameter \DEPTH = 16
Found cached RTLIL representation for module `$paramod$9b7a6de76a656f235265b36ced3b9a85d704f591\sync_fifo'.
Parameter \DATA_WIDTH = 8
Parameter \DEPTH = 16
Found cached RTLIL representation for module `$paramod$9b7a6de76a656f235265b36ced3b9a85d704f591\sync_fifo'.

3.6. Analyzing design hierarchy..
Top module:  \fpga_uart_demo
Used module:     $paramod\apb_uart_echo_master\BAUD_DIV=s32'00000000000000000000000110110010
Used module:     $paramod$ae88f438a6f6d99783e6a82657279bef00bc9dad\apb_uart
Used module:         $paramod$9b7a6de76a656f235265b36ced3b9a85d704f591\sync_fifo
Used module:         \uart_rx
Used module:         \uart_tx

3.7. Analyzing design hierarchy..
Top module:  \fpga_uart_demo
Used module:     $paramod\apb_uart_echo_master\BAUD_DIV=s32'00000000000000000000000110110010
Used module:     $paramod$ae88f438a6f6d99783e6a82657279bef00bc9dad\apb_uart
Used module:         $paramod$9b7a6de76a656f235265b36ced3b9a85d704f591\sync_fifo
Used module:         \uart_rx
Used module:         \uart_tx
Removing unused module `\apb_uart_echo_master'.
Removing unused module `\apb_uart'.
Removing unused module `\sync_fifo'.
Removed 3 unused modules.

4. Executing SYNTH_ICE40 pass.

4.1. Executing Verilog-2005 frontend: build/synthesis-tools/root/usr/bin/../share/yosys/ice40/cells_sim.v
Parsing Verilog input from `build/synthesis-tools/root/usr/bin/../share/yosys/ice40/cells_sim.v' to AST representation.
Generating RTLIL representation for module `\SB_IO'.
Generating RTLIL representation for module `\SB_GB_IO'.
Generating RTLIL representation for module `\SB_GB'.
Generating RTLIL representation for module `\SB_LUT4'.
Generating RTLIL representation for module `\SB_CARRY'.
Generating RTLIL representation for module `\SB_DFF'.
Generating RTLIL representation for module `\SB_DFFE'.
Generating RTLIL representation for module `\SB_DFFSR'.
Generating RTLIL representation for module `\SB_DFFR'.
Generating RTLIL representation for module `\SB_DFFSS'.
Generating RTLIL representation for module `\SB_DFFS'.
Generating RTLIL representation for module `\SB_DFFESR'.
Generating RTLIL representation for module `\SB_DFFER'.
Generating RTLIL representation for module `\SB_DFFESS'.
Generating RTLIL representation for module `\SB_DFFES'.
Generating RTLIL representation for module `\SB_DFFN'.
Generating RTLIL representation for module `\SB_DFFNE'.
Generating RTLIL representation for module `\SB_DFFNSR'.
Generating RTLIL representation for module `\SB_DFFNR'.
Generating RTLIL representation for module `\SB_DFFNSS'.
Generating RTLIL representation for module `\SB_DFFNS'.
Generating RTLIL representation for module `\SB_DFFNESR'.
Generating RTLIL representation for module `\SB_DFFNER'.
Generating RTLIL representation for module `\SB_DFFNESS'.
Generating RTLIL representation for module `\SB_DFFNES'.
Generating RTLIL representation for module `\SB_RAM40_4K'.
Generating RTLIL representation for module `\SB_RAM40_4KNR'.
Generating RTLIL representation for module `\SB_RAM40_4KNW'.
Generating RTLIL representation for module `\SB_RAM40_4KNRNW'.
Generating RTLIL representation for module `\ICESTORM_LC'.
Generating RTLIL representation for module `\SB_PLL40_CORE'.
Generating RTLIL representation for module `\SB_PLL40_PAD'.
Generating RTLIL representation for module `\SB_PLL40_2_PAD'.
Generating RTLIL representation for module `\SB_PLL40_2F_CORE'.
Generating RTLIL representation for module `\SB_PLL40_2F_PAD'.
Generating RTLIL representation for module `\SB_WARMBOOT'.
Generating RTLIL representation for module `\SB_SPRAM256KA'.
Generating RTLIL representation for module `\SB_HFOSC'.
Generating RTLIL representation for module `\SB_LFOSC'.
Generating RTLIL representation for module `\SB_RGBA_DRV'.
Generating RTLIL representation for module `\SB_LED_DRV_CUR'.
Generating RTLIL representation for module `\SB_RGB_DRV'.
Generating RTLIL representation for module `\SB_I2C'.
Generating RTLIL representation for module `\SB_SPI'.
Generating RTLIL representation for module `\SB_LEDDA_IP'.
Generating RTLIL representation for module `\SB_FILTER_50NS'.
Generating RTLIL representation for module `\SB_IO_I3C'.
Generating RTLIL representation for module `\SB_IO_OD'.
Generating RTLIL representation for module `\SB_MAC16'.
Generating RTLIL representation for module `\ICESTORM_RAM'.
Successfully finished Verilog frontend.

4.2. Executing HIERARCHY pass (managing design hierarchy).

4.2.1. Analyzing design hierarchy..
Top module:  \fpga_uart_demo
Used module:     $paramod\apb_uart_echo_master\BAUD_DIV=s32'00000000000000000000000110110010
Used module:     $paramod$ae88f438a6f6d99783e6a82657279bef00bc9dad\apb_uart
Used module:         $paramod$9b7a6de76a656f235265b36ced3b9a85d704f591\sync_fifo
Used module:         \uart_rx
Used module:         \uart_tx

4.2.2. Analyzing design hierarchy..
Top module:  \fpga_uart_demo
Used module:     $paramod\apb_uart_echo_master\BAUD_DIV=s32'00000000000000000000000110110010
Used module:     $paramod$ae88f438a6f6d99783e6a82657279bef00bc9dad\apb_uart
Used module:         $paramod$9b7a6de76a656f235265b36ced3b9a85d704f591\sync_fifo
Used module:         \uart_rx
Used module:         \uart_tx
Removed 0 unused modules.

4.3. Executing PROC pass (convert processes to netlists).

4.3.1. Executing PROC_CLEAN pass (remove empty switches from decision trees).
Found and cleaned up 1 empty switch in `$paramod$ae88f438a6f6d99783e6a82657279bef00bc9dad\apb_uart.$proc$build/timing-reference/latest/converted.v:375$293'.
Found and cleaned up 1 empty switch in `$paramod$ae88f438a6f6d99783e6a82657279bef00bc9dad\apb_uart.$proc$build/timing-reference/latest/converted.v:347$263'.
Found and cleaned up 1 empty switch in `$paramod\apb_uart_echo_master\BAUD_DIV=s32'00000000000000000000000110110010.$proc$build/timing-reference/latest/converted.v:498$238'.
Cleaned up 3 empty switches.

4.3.2. Executing PROC_RMDEAD pass (remove dead branches from decision trees).
Marked 1 switch rules as full_case in process $proc$build/synthesis-tools/root/usr/bin/../share/yosys/ice40/cells_sim.v:1414$538 in module SB_DFFNES.
Marked 1 switch rules as full_case in process $proc$build/synthesis-tools/root/usr/bin/../share/yosys/ice40/cells_sim.v:1353$531 in module SB_DFFNESS.
Marked 1 switch rules as full_case in process $proc$build/synthesis-tools/root/usr/bin/../share/yosys/ice40/cells_sim.v:1273$527 in module SB_DFFNER.
Marked 1 switch rules as full_case in process $proc$build/synthesis-tools/root/usr/bin/../share/yosys/ice40/cells_sim.v:1212$520 in module SB_DFFNESR.
Marked 1 switch rules as full_case in process $proc$build/synthesis-tools/root/usr/bin/../share/yosys/ice40/cells_sim.v:1138$517 in module SB_DFFNS.
Marked 1 switch rules as full_case in process $proc$build/synthesis-tools/root/usr/bin/../share/yosys/ice40/cells_sim.v:1088$514 in module SB_DFFNSS.
Marked 1 switch rules as full_case in process $proc$build/synthesis-tools/root/usr/bin/../share/yosys/ice40/cells_sim.v:1017$511 in module SB_DFFNR.
Marked 1 switch rules as full_case in process $proc$build/synthesis-tools/root/usr/bin/../share/yosys/ice40/cells_sim.v:967$508 in module SB_DFFNSR.
Marked 1 switch rules as full_case in process $proc$build/synthesis-tools/root/usr/bin/../share/yosys/ice40/cells_sim.v:803$500 in module SB_DFFES.
Marked 1 switch rules as full_case in process $proc$build/synthesis-tools/root/usr/bin/../share/yosys/ice40/cells_sim.v:742$493 in module SB_DFFESS.
Marked 1 switch rules as full_case in process $proc$build/synthesis-tools/root/usr/bin/../share/yosys/ice40/cells_sim.v:662$489 in module SB_DFFER.
Marked 1 switch rules as full_case in process $proc$build/synthesis-tools/root/usr/bin/../share/yosys/ice40/cells_sim.v:601$482 in module SB_DFFESR.
Marked 1 switch rules as full_case in process $proc$build/synthesis-tools/root/usr/bin/../share/yosys/ice40/cells_sim.v:527$479 in module SB_DFFS.
Marked 1 switch rules as full_case in process $proc$build/synthesis-tools/root/usr/bin/../share/yosys/ice40/cells_sim.v:477$476 in module SB_DFFSS.
Marked 1 switch rules as full_case in process $proc$build/synthesis-tools/root/usr/bin/../share/yosys/ice40/cells_sim.v:406$473 in module SB_DFFR.
Marked 1 switch rules as full_case in process $proc$build/synthesis-tools/root/usr/bin/../share/yosys/ice40/cells_sim.v:356$470 in module SB_DFFSR.
Marked 1 switch rules as full_case in process $proc$build/timing-reference/latest/converted.v:593$176 in module fpga_uart_demo.
Marked 1 switch rules as full_case in process $proc$build/timing-reference/latest/converted.v:389$294 in module $paramod$ae88f438a6f6d99783e6a82657279bef00bc9dad\apb_uart.
Marked 2 switch rules as full_case in process $proc$build/timing-reference/latest/converted.v:375$293 in module $paramod$ae88f438a6f6d99783e6a82657279bef00bc9dad\apb_uart.
Marked 2 switch rules as full_case in process $proc$build/timing-reference/latest/converted.v:347$263 in module $paramod$ae88f438a6f6d99783e6a82657279bef00bc9dad\apb_uart.
Marked 4 switch rules as full_case in process $proc$build/timing-reference/latest/converted.v:329$252 in module $paramod$ae88f438a6f6d99783e6a82657279bef00bc9dad\apb_uart.
Marked 5 switch rules as full_case in process $proc$build/timing-reference/latest/converted.v:527$242 in module $paramod\apb_uart_echo_master\BAUD_DIV=s32'00000000000000000000000110110010.
Marked 1 switch rules as full_case in process $proc$build/timing-reference/latest/converted.v:498$238 in module $paramod\apb_uart_echo_master\BAUD_DIV=s32'00000000000000000000000110110010.
Removed 1 dead cases from process $proc$build/timing-reference/latest/converted.v:187$81 in module uart_rx.
Marked 9 switch rules as full_case in process $proc$build/timing-reference/latest/converted.v:187$81 in module uart_rx.
Removed 1 dead cases from process $proc$build/timing-reference/latest/converted.v:104$66 in module uart_tx.
Marked 6 switch rules as full_case in process $proc$build/timing-reference/latest/converted.v:104$66 in module uart_tx.
Removed 1 dead cases from process $proc$build/timing-reference/latest/converted.v:0$234 in module $paramod$9b7a6de76a656f235265b36ced3b9a85d704f591\sync_fifo.
Marked 1 switch rules as full_case in process $proc$build/timing-reference/latest/converted.v:0$234 in module $paramod$9b7a6de76a656f235265b36ced3b9a85d704f591\sync_fifo.
Marked 9 switch rules as full_case in process $proc$build/timing-reference/latest/converted.v:57$192 in module $paramod$9b7a6de76a656f235265b36ced3b9a85d704f591\sync_fifo.
Removed a total of 3 dead cases.

4.3.3. Executing PROC_PRUNE pass (remove redundant assignments in processes).
Removed 15 redundant assignments.
Promoted 43 assignments to connections.

4.3.4. Executing PROC_INIT pass (extract init attributes).
Found init rule in `\SB_DFFNES.$proc$build/synthesis-tools/root/usr/bin/../share/yosys/ice40/cells_sim.v:0$541'.
  Set init value: \Q = 1'0
Found init rule in `\SB_DFFNESS.$proc$build/synthesis-tools/root/usr/bin/../share/yosys/ice40/cells_sim.v:0$537'.
  Set init value: \Q = 1'0
Found init rule in `\SB_DFFNER.$proc$build/synthesis-tools/root/usr/bin/../share/yosys/ice40/cells_sim.v:0$530'.
  Set init value: \Q = 1'0
Found init rule in `\SB_DFFNESR.$proc$build/synthesis-tools/root/usr/bin/../share/yosys/ice40/cells_sim.v:0$526'.
  Set init value: \Q = 1'0
Found init rule in `\SB_DFFNS.$proc$build/synthesis-tools/root/usr/bin/../share/yosys/ice40/cells_sim.v:0$519'.
  Set init value: \Q = 1'0
Found init rule in `\SB_DFFNSS.$proc$build/synthesis-tools/root/usr/bin/../share/yosys/ice40/cells_sim.v:0$516'.
  Set init value: \Q = 1'0
Found init rule in `\SB_DFFNR.$proc$build/synthesis-tools/root/usr/bin/../share/yosys/ice40/cells_sim.v:0$513'.
  Set init value: \Q = 1'0
Found init rule in `\SB_DFFNSR.$proc$build/synthesis-tools/root/usr/bin/../share/yosys/ice40/cells_sim.v:0$510'.
  Set init value: \Q = 1'0
Found init rule in `\SB_DFFNE.$proc$build/synthesis-tools/root/usr/bin/../share/yosys/ice40/cells_sim.v:0$507'.
  Set init value: \Q = 1'0
Found init rule in `\SB_DFFN.$proc$build/synthesis-tools/root/usr/bin/../share/yosys/ice40/cells_sim.v:0$505'.
  Set init value: \Q = 1'0
Found init rule in `\SB_DFFES.$proc$build/synthesis-tools/root/usr/bin/../share/yosys/ice40/cells_sim.v:0$503'.
  Set init value: \Q = 1'0
Found init rule in `\SB_DFFESS.$proc$build/synthesis-tools/root/usr/bin/../share/yosys/ice40/cells_sim.v:0$499'.
  Set init value: \Q = 1'0
Found init rule in `\SB_DFFER.$proc$build/synthesis-tools/root/usr/bin/../share/yosys/ice40/cells_sim.v:0$492'.
  Set init value: \Q = 1'0
Found init rule in `\SB_DFFESR.$proc$build/synthesis-tools/root/usr/bin/../share/yosys/ice40/cells_sim.v:0$488'.
  Set init value: \Q = 1'0
Found init rule in `\SB_DFFS.$proc$build/synthesis-tools/root/usr/bin/../share/yosys/ice40/cells_sim.v:0$481'.
  Set init value: \Q = 1'0
Found init rule in `\SB_DFFSS.$proc$build/synthesis-tools/root/usr/bin/../share/yosys/ice40/cells_sim.v:0$478'.
  Set init value: \Q = 1'0
Found init rule in `\SB_DFFR.$proc$build/synthesis-tools/root/usr/bin/../share/yosys/ice40/cells_sim.v:0$475'.
  Set init value: \Q = 1'0
Found init rule in `\SB_DFFSR.$proc$build/synthesis-tools/root/usr/bin/../share/yosys/ice40/cells_sim.v:0$472'.
  Set init value: \Q = 1'0
Found init rule in `\SB_DFFE.$proc$build/synthesis-tools/root/usr/bin/../share/yosys/ice40/cells_sim.v:0$469'.
  Set init value: \Q = 1'0
Found init rule in `\SB_DFF.$proc$build/synthesis-tools/root/usr/bin/../share/yosys/ice40/cells_sim.v:0$467'.
  Set init value: \Q = 1'0

4.3.5. Executing PROC_ARST pass (detect async resets in processes).
Found async reset \S in `\SB_DFFNES.$proc$build/synthesis-tools/root/usr/bin/../share/yosys/ice40/cells_sim.v:1414$538'.
Found async reset \R in `\SB_DFFNER.$proc$build/synthesis-tools/root/usr/bin/../share/yosys/ice40/cells_sim.v:1273$527'.
Found async reset \S in `\SB_DFFNS.$proc$build/synthesis-tools/root/usr/bin/../share/yosys/ice40/cells_sim.v:1138$517'.
Found async reset \R in `\SB_DFFNR.$proc$build/synthesis-tools/root/usr/bin/../share/yosys/ice40/cells_sim.v:1017$511'.
Found async reset \S in `\SB_DFFES.$proc$build/synthesis-tools/root/usr/bin/../share/yosys/ice40/cells_sim.v:803$500'.
Found async reset \R in `\SB_DFFER.$proc$build/synthesis-tools/root/usr/bin/../share/yosys/ice40/cells_sim.v:662$489'.
Found async reset \S in `\SB_DFFS.$proc$build/synthesis-tools/root/usr/bin/../share/yosys/ice40/cells_sim.v:527$479'.
Found async reset \R in `\SB_DFFR.$proc$build/synthesis-tools/root/usr/bin/../share/yosys/ice40/cells_sim.v:406$473'.
Found async reset \reset_n in `\fpga_uart_demo.$proc$build/timing-reference/latest/converted.v:593$176'.
Found async reset \PRESETn in `$paramod$ae88f438a6f6d99783e6a82657279bef00bc9dad\apb_uart.$proc$build/timing-reference/latest/converted.v:389$294'.
Found async reset \PRESETn in `$paramod$ae88f438a6f6d99783e6a82657279bef00bc9dad\apb_uart.$proc$build/timing-reference/latest/converted.v:329$252'.
Found async reset \rst_n in `$paramod\apb_uart_echo_master\BAUD_DIV=s32'00000000000000000000000110110010.$proc$build/timing-reference/latest/converted.v:527$242'.
Found async reset \rst_n in `\uart_rx.$proc$build/timing-reference/latest/converted.v:187$81'.
Found async reset \rst_n in `\uart_tx.$proc$build/timing-reference/latest/converted.v:104$66'.
Found async reset \rst_n in `$paramod$9b7a6de76a656f235265b36ced3b9a85d704f591\sync_fifo.$proc$build/timing-reference/latest/converted.v:57$192'.

4.3.6. Executing PROC_ROM pass (convert switches to ROMs).
Converted 0 switches.
<suppressed ~62 debug messages>

4.3.7. Executing PROC_MUX pass (convert decision trees to multiplexers).
Creating decoders for process `\SB_DFFNES.$proc$build/synthesis-tools/root/usr/bin/../share/yosys/ice40/cells_sim.v:0$541'.
Creating decoders for process `\SB_DFFNES.$proc$build/synthesis-tools/root/usr/bin/../share/yosys/ice40/cells_sim.v:1414$538'.
     1/1: $0\Q[0:0]
Creating decoders for process `\SB_DFFNESS.$proc$build/synthesis-tools/root/usr/bin/../share/yosys/ice40/cells_sim.v:0$537'.
Creating decoders for process `\SB_DFFNESS.$proc$build/synthesis-tools/root/usr/bin/../share/yosys/ice40/cells_sim.v:1353$531'.
     1/1: $0\Q[0:0]
Creating decoders for process `\SB_DFFNER.$proc$build/synthesis-tools/root/usr/bin/../share/yosys/ice40/cells_sim.v:0$530'.
Creating decoders for process `\SB_DFFNER.$proc$build/synthesis-tools/root/usr/bin/../share/yosys/ice40/cells_sim.v:1273$527'.
     1/1: $0\Q[0:0]
Creating decoders for process `\SB_DFFNESR.$proc$build/synthesis-tools/root/usr/bin/../share/yosys/ice40/cells_sim.v:0$526'.
Creating decoders for process `\SB_DFFNESR.$proc$build/synthesis-tools/root/usr/bin/../share/yosys/ice40/cells_sim.v:1212$520'.
     1/1: $0\Q[0:0]
Creating decoders for process `\SB_DFFNS.$proc$build/synthesis-tools/root/usr/bin/../share/yosys/ice40/cells_sim.v:0$519'.
Creating decoders for process `\SB_DFFNS.$proc$build/synthesis-tools/root/usr/bin/../share/yosys/ice40/cells_sim.v:1138$517'.
     1/1: $0\Q[0:0]
Creating decoders for process `\SB_DFFNSS.$proc$build/synthesis-tools/root/usr/bin/../share/yosys/ice40/cells_sim.v:0$516'.
Creating decoders for process `\SB_DFFNSS.$proc$build/synthesis-tools/root/usr/bin/../share/yosys/ice40/cells_sim.v:1088$514'.
     1/1: $0\Q[0:0]
Creating decoders for process `\SB_DFFNR.$proc$build/synthesis-tools/root/usr/bin/../share/yosys/ice40/cells_sim.v:0$513'.
Creating decoders for process `\SB_DFFNR.$proc$build/synthesis-tools/root/usr/bin/../share/yosys/ice40/cells_sim.v:1017$511'.
     1/1: $0\Q[0:0]
Creating decoders for process `\SB_DFFNSR.$proc$build/synthesis-tools/root/usr/bin/../share/yosys/ice40/cells_sim.v:0$510'.
Creating decoders for process `\SB_DFFNSR.$proc$build/synthesis-tools/root/usr/bin/../share/yosys/ice40/cells_sim.v:967$508'.
     1/1: $0\Q[0:0]
Creating decoders for process `\SB_DFFNE.$proc$build/synthesis-tools/root/usr/bin/../share/yosys/ice40/cells_sim.v:0$507'.
Creating decoders for process `\SB_DFFNE.$proc$build/synthesis-tools/root/usr/bin/../share/yosys/ice40/cells_sim.v:922$506'.
     1/1: $0\Q[0:0]
Creating decoders for process `\SB_DFFN.$proc$build/synthesis-tools/root/usr/bin/../share/yosys/ice40/cells_sim.v:0$505'.
Creating decoders for process `\SB_DFFN.$proc$build/synthesis-tools/root/usr/bin/../share/yosys/ice40/cells_sim.v:882$504'.
Creating decoders for process `\SB_DFFES.$proc$build/synthesis-tools/root/usr/bin/../share/yosys/ice40/cells_sim.v:0$503'.
Creating decoders for process `\SB_DFFES.$proc$build/synthesis-tools/root/usr/bin/../share/yosys/ice40/cells_sim.v:803$500'.
     1/1: $0\Q[0:0]
Creating decoders for process `\SB_DFFESS.$proc$build/synthesis-tools/root/usr/bin/../share/yosys/ice40/cells_sim.v:0$499'.
Creating decoders for process `\SB_DFFESS.$proc$build/synthesis-tools/root/usr/bin/../share/yosys/ice40/cells_sim.v:742$493'.
     1/1: $0\Q[0:0]
Creating decoders for process `\SB_DFFER.$proc$build/synthesis-tools/root/usr/bin/../share/yosys/ice40/cells_sim.v:0$492'.
Creating decoders for process `\SB_DFFER.$proc$build/synthesis-tools/root/usr/bin/../share/yosys/ice40/cells_sim.v:662$489'.
     1/1: $0\Q[0:0]
Creating decoders for process `\SB_DFFESR.$proc$build/synthesis-tools/root/usr/bin/../share/yosys/ice40/cells_sim.v:0$488'.
Creating decoders for process `\SB_DFFESR.$proc$build/synthesis-tools/root/usr/bin/../share/yosys/ice40/cells_sim.v:601$482'.
     1/1: $0\Q[0:0]
Creating decoders for process `\SB_DFFS.$proc$build/synthesis-tools/root/usr/bin/../share/yosys/ice40/cells_sim.v:0$481'.
Creating decoders for process `\SB_DFFS.$proc$build/synthesis-tools/root/usr/bin/../share/yosys/ice40/cells_sim.v:527$479'.
     1/1: $0\Q[0:0]
Creating decoders for process `\SB_DFFSS.$proc$build/synthesis-tools/root/usr/bin/../share/yosys/ice40/cells_sim.v:0$478'.
Creating decoders for process `\SB_DFFSS.$proc$build/synthesis-tools/root/usr/bin/../share/yosys/ice40/cells_sim.v:477$476'.
     1/1: $0\Q[0:0]
Creating decoders for process `\SB_DFFR.$proc$build/synthesis-tools/root/usr/bin/../share/yosys/ice40/cells_sim.v:0$475'.
Creating decoders for process `\SB_DFFR.$proc$build/synthesis-tools/root/usr/bin/../share/yosys/ice40/cells_sim.v:406$473'.
     1/1: $0\Q[0:0]
Creating decoders for process `\SB_DFFSR.$proc$build/synthesis-tools/root/usr/bin/../share/yosys/ice40/cells_sim.v:0$472'.
Creating decoders for process `\SB_DFFSR.$proc$build/synthesis-tools/root/usr/bin/../share/yosys/ice40/cells_sim.v:356$470'.
     1/1: $0\Q[0:0]
Creating decoders for process `\SB_DFFE.$proc$build/synthesis-tools/root/usr/bin/../share/yosys/ice40/cells_sim.v:0$469'.
Creating decoders for process `\SB_DFFE.$proc$build/synthesis-tools/root/usr/bin/../share/yosys/ice40/cells_sim.v:311$468'.
     1/1: $0\Q[0:0]
Creating decoders for process `\SB_DFF.$proc$build/synthesis-tools/root/usr/bin/../share/yosys/ice40/cells_sim.v:0$467'.
Creating decoders for process `\SB_DFF.$proc$build/synthesis-tools/root/usr/bin/../share/yosys/ice40/cells_sim.v:271$466'.
Creating decoders for process `\fpga_uart_demo.$proc$build/timing-reference/latest/converted.v:593$176'.
     1/1: $0\reset_sync[1:0]
Creating decoders for process `$paramod$ae88f438a6f6d99783e6a82657279bef00bc9dad\apb_uart.$proc$build/timing-reference/latest/converted.v:0$297'.
Creating decoders for process `$paramod$ae88f438a6f6d99783e6a82657279bef00bc9dad\apb_uart.$proc$build/timing-reference/latest/converted.v:389$294'.
     1/6: $0\rx_framing_sticky[0:0]
     2/6: $0\rx_overflow_sticky[0:0]
     3/6: $0\scratch[31:0]
     4/6: $0\rx_enable[0:0]
     5/6: $0\tx_enable[0:0]
     6/6: $0\baud_div[15:0]
Creating decoders for process `$paramod$ae88f438a6f6d99783e6a82657279bef00bc9dad\apb_uart.$proc$build/timing-reference/latest/converted.v:375$293'.
     1/2: $2\PRDATA[31:0]
     2/2: $1\PRDATA[31:0]
Creating decoders for process `$paramod$ae88f438a6f6d99783e6a82657279bef00bc9dad\apb_uart.$proc$build/timing-reference/latest/converted.v:347$263'.
     1/2: $2\access_error[0:0]
     2/2: $1\access_error[0:0]
Creating decoders for process `$paramod$ae88f438a6f6d99783e6a82657279bef00bc9dad\apb_uart.$proc$build/timing-reference/latest/converted.v:329$252'.
     1/2: $0\setup_seen[0:0]
     2/2: $0\wait_left[0:0]
Creating decoders for process `$paramod\apb_uart_echo_master\BAUD_DIV=s32'00000000000000000000000110110010.$proc$build/timing-reference/latest/converted.v:0$250'.
Creating decoders for process `$paramod\apb_uart_echo_master\BAUD_DIV=s32'00000000000000000000000110110010.$proc$build/timing-reference/latest/converted.v:527$242'.
     1/5: $0\echo_byte[7:0]
     2/5: $0\access_phase[0:0]
     3/5: $0\operation[2:0]
     4/5: $0\error[0:0]
     5/5: $0\ready[0:0]
Creating decoders for process `$paramod\apb_uart_echo_master\BAUD_DIV=s32'00000000000000000000000110110010.$proc$build/timing-reference/latest/converted.v:498$238'.
     1/3: $1\pwdata[31:0]
     2/3: $1\paddr[31:0]
     3/3: $1\pwrite[0:0]
Creating decoders for process `\uart_rx.$proc$build/timing-reference/latest/converted.v:187$81'.
     1/18: $4$lookahead\shift_data$80[7:0]$100
     2/18: $4$bitselwrite$pos$build/timing-reference/latest/converted.v:234$78[2:0]$99
     3/18: $3$lookahead\shift_data$80[7:0]$91
     4/18: $3$bitselwrite$pos$build/timing-reference/latest/converted.v:234$78[2:0]$90
     5/18: $2$lookahead\shift_data$80[7:0]$89
     6/18: $2$bitselwrite$pos$build/timing-reference/latest/converted.v:234$78[2:0]$88
     7/18: $1$lookahead\shift_data$80[7:0]$86
     8/18: $1$bitselwrite$pos$build/timing-reference/latest/converted.v:234$78[2:0]$85
     9/18: $0\framing_error[0:0]
    10/18: $0\valid[0:0]
    11/18: $0\rx_prev[0:0]
    12/18: $0\rx_sync[0:0]
    13/18: $0\rx_meta[0:0]
    14/18: $0\data[7:0]
    15/18: $0\bit_idx[2:0]
    16/18: $0\frame_div[15:0]
    17/18: $0\ticks_left[15:0]
    18/18: $0\state[1:0]
Creating decoders for process `\uart_tx.$proc$build/timing-reference/latest/converted.v:104$66'.
     1/6: $0\bit_idx[2:0]
     2/6: $0\frame_data[7:0]
     3/6: $0\frame_div[15:0]
     4/6: $0\ticks_left[15:0]
     5/6: $0\state[1:0]
     6/6: $0\tx[0:0]
Creating decoders for process `$paramod$9b7a6de76a656f235265b36ced3b9a85d704f591\sync_fifo.$proc$build/timing-reference/latest/converted.v:0$234'.
     1/1: $1$mem2reg_rd$\mem$build/timing-reference/latest/converted.v:54$183_DATA[7:0]$236
Creating decoders for process `$paramod$9b7a6de76a656f235265b36ced3b9a85d704f591\sync_fifo.$proc$build/timing-reference/latest/converted.v:57$192'.
     1/43: $0\count[4:0]
     2/43: $4\next_ptr$func$build/timing-reference/latest/converted.v:69$181._sv2v_jump[1:0]$230
     3/43: $4\next_ptr$func$build/timing-reference/latest/converted.v:69$181.$result[3:0]$229
     4/43: $3\next_ptr$func$build/timing-reference/latest/converted.v:69$181._sv2v_jump[1:0]$227
     5/43: $3\next_ptr$func$build/timing-reference/latest/converted.v:69$181.$result[3:0]$226
     6/43: $2\next_ptr$func$build/timing-reference/latest/converted.v:69$181._sv2v_jump[1:0]$224
     7/43: $2\next_ptr$func$build/timing-reference/latest/converted.v:69$181.$result[3:0]$222
     8/43: $2\next_ptr$func$build/timing-reference/latest/converted.v:69$181.ptr[3:0]$223
     9/43: $4\next_ptr$func$build/timing-reference/latest/converted.v:66$179._sv2v_jump[1:0]$219
    10/43: $4\next_ptr$func$build/timing-reference/latest/converted.v:66$179.$result[3:0]$220
    11/43: $3\next_ptr$func$build/timing-reference/latest/converted.v:66$179._sv2v_jump[1:0]$216
    12/43: $3\next_ptr$func$build/timing-reference/latest/converted.v:66$179.$result[3:0]$217
    13/43: $2\next_ptr$func$build/timing-reference/latest/converted.v:66$179.$result[3:0]$212
    14/43: $2\next_ptr$func$build/timing-reference/latest/converted.v:66$179._sv2v_jump[1:0]$210
    15/43: $2\next_ptr$func$build/timing-reference/latest/converted.v:66$179.ptr[3:0]$211
    16/43: $2$mem2reg_wr$\mem$build/timing-reference/latest/converted.v:65$184_ADDR[3:0]$213
    17/43: $2$mem2reg_wr$\mem$build/timing-reference/latest/converted.v:65$184_DATA[7:0]$214
    18/43: $1\next_ptr$func$build/timing-reference/latest/converted.v:69$181._sv2v_jump[1:0]$207
    19/43: $1\next_ptr$func$build/timing-reference/latest/converted.v:69$181.ptr[3:0]$206
    20/43: $1\next_ptr$func$build/timing-reference/latest/converted.v:69$181.$result[3:0]$205
    21/43: $1$mem2reg_wr$\mem$build/timing-reference/latest/converted.v:65$184_DATA[7:0]$209
    22/43: $1$mem2reg_wr$\mem$build/timing-reference/latest/converted.v:65$184_ADDR[3:0]$208
    23/43: $1\next_ptr$func$build/timing-reference/latest/converted.v:66$179.$result[3:0]$204
    24/43: $1\next_ptr$func$build/timing-reference/latest/converted.v:66$179.ptr[3:0]$203
    25/43: $1\next_ptr$func$build/timing-reference/latest/converted.v:66$179._sv2v_jump[1:0]$202
    26/43: $0\mem[15][7:0]
    27/43: $0\mem[14][7:0]
    28/43: $0\mem[13][7:0]
    29/43: $0\mem[12][7:0]
    30/43: $0\mem[11][7:0]
    31/43: $0\mem[10][7:0]
    32/43: $0\mem[9][7:0]
    33/43: $0\mem[8][7:0]
    34/43: $0\mem[7][7:0]
    35/43: $0\mem[6][7:0]
    36/43: $0\mem[5][7:0]
    37/43: $0\mem[4][7:0]
    38/43: $0\mem[3][7:0]
    39/43: $0\mem[2][7:0]
    40/43: $0\mem[1][7:0]
    41/43: $0\mem[0][7:0]
    42/43: $0\rd_ptr[3:0]
    43/43: $0\wr_ptr[3:0]

4.3.8. Executing PROC_DLATCH pass (convert process syncs to latches).
No latch inferred for signal `$paramod$ae88f438a6f6d99783e6a82657279bef00bc9dad\apb_uart.\_sv2v_0' from process `$paramod$ae88f438a6f6d99783e6a82657279bef00bc9dad\apb_uart.$proc$build/timing-reference/latest/converted.v:0$297'.
No latch inferred for signal `$paramod$ae88f438a6f6d99783e6a82657279bef00bc9dad\apb_uart.\PRDATA' from process `$paramod$ae88f438a6f6d99783e6a82657279bef00bc9dad\apb_uart.$proc$build/timing-reference/latest/converted.v:375$293'.
No latch inferred for signal `$paramod$ae88f438a6f6d99783e6a82657279bef00bc9dad\apb_uart.\access_error' from process `$paramod$ae88f438a6f6d99783e6a82657279bef00bc9dad\apb_uart.$proc$build/timing-reference/latest/converted.v:347$263'.
No latch inferred for signal `$paramod\apb_uart_echo_master\BAUD_DIV=s32'00000000000000000000000110110010.\_sv2v_0' from process `$paramod\apb_uart_echo_master\BAUD_DIV=s32'00000000000000000000000110110010.$proc$build/timing-reference/latest/converted.v:0$250'.
No latch inferred for signal `$paramod\apb_uart_echo_master\BAUD_DIV=s32'00000000000000000000000110110010.\psel' from process `$paramod\apb_uart_echo_master\BAUD_DIV=s32'00000000000000000000000110110010.$proc$build/timing-reference/latest/converted.v:498$238'.
No latch inferred for signal `$paramod\apb_uart_echo_master\BAUD_DIV=s32'00000000000000000000000110110010.\penable' from process `$paramod\apb_uart_echo_master\BAUD_DIV=s32'00000000000000000000000110110010.$proc$build/timing-reference/latest/converted.v:498$238'.
No latch inferred for signal `$paramod\apb_uart_echo_master\BAUD_DIV=s32'00000000000000000000000110110010.\pwrite' from process `$paramod\apb_uart_echo_master\BAUD_DIV=s32'00000000000000000000000110110010.$proc$build/timing-reference/latest/converted.v:498$238'.
No latch inferred for signal `$paramod\apb_uart_echo_master\BAUD_DIV=s32'00000000000000000000000110110010.\paddr' from process `$paramod\apb_uart_echo_master\BAUD_DIV=s32'00000000000000000000000110110010.$proc$build/timing-reference/latest/converted.v:498$238'.
No latch inferred for signal `$paramod\apb_uart_echo_master\BAUD_DIV=s32'00000000000000000000000110110010.\pwdata' from process `$paramod\apb_uart_echo_master\BAUD_DIV=s32'00000000000000000000000110110010.$proc$build/timing-reference/latest/converted.v:498$238'.
No latch inferred for signal `$paramod$9b7a6de76a656f235265b36ced3b9a85d704f591\sync_fifo.$mem2reg_rd$\mem$build/timing-reference/latest/converted.v:54$183_DATA' from process `$paramod$9b7a6de76a656f235265b36ced3b9a85d704f591\sync_fifo.$proc$build/timing-reference/latest/converted.v:0$234'.

4.3.9. Executing PROC_DFF pass (convert process syncs to FFs).
Creating register for signal `\SB_DFFNES.\Q' using process `\SB_DFFNES.$proc$build/synthesis-tools/root/usr/bin/../share/yosys/ice40/cells_sim.v:1414$538'.
  created $adff cell `$procdff$1428' with negative edge clock and positive level reset.
Creating register for signal `\SB_DFFNESS.\Q' using process `\SB_DFFNESS.$proc$build/synthesis-tools/root/usr/bin/../share/yosys/ice40/cells_sim.v:1353$531'.
  created $dff cell `$procdff$1429' with negative edge clock.
Creating register for signal `\SB_DFFNER.\Q' using process `\SB_DFFNER.$proc$build/synthesis-tools/root/usr/bin/../share/yosys/ice40/cells_sim.v:1273$527'.
  created $adff cell `$procdff$1432' with negative edge clock and positive level reset.
Creating register for signal `\SB_DFFNESR.\Q' using process `\SB_DFFNESR.$proc$build/synthesis-tools/root/usr/bin/../share/yosys/ice40/cells_sim.v:1212$520'.
  created $dff cell `$procdff$1433' with negative edge clock.
Creating register for signal `\SB_DFFNS.\Q' using process `\SB_DFFNS.$proc$build/synthesis-tools/root/usr/bin/../share/yosys/ice40/cells_sim.v:1138$517'.
  created $adff cell `$procdff$1436' with negative edge clock and positive level reset.
Creating register for signal `\SB_DFFNSS.\Q' using process `\SB_DFFNSS.$proc$build/synthesis-tools/root/usr/bin/../share/yosys/ice40/cells_sim.v:1088$514'.
  created $dff cell `$procdff$1437' with negative edge clock.
Creating register for signal `\SB_DFFNR.\Q' using process `\SB_DFFNR.$proc$build/synthesis-tools/root/usr/bin/../share/yosys/ice40/cells_sim.v:1017$511'.
  created $adff cell `$procdff$1440' with negative edge clock and positive level reset.
Creating register for signal `\SB_DFFNSR.\Q' using process `\SB_DFFNSR.$proc$build/synthesis-tools/root/usr/bin/../share/yosys/ice40/cells_sim.v:967$508'.
  created $dff cell `$procdff$1441' with negative edge clock.
Creating register for signal `\SB_DFFNE.\Q' using process `\SB_DFFNE.$proc$build/synthesis-tools/root/usr/bin/../share/yosys/ice40/cells_sim.v:922$506'.
  created $dff cell `$procdff$1442' with negative edge clock.
Creating register for signal `\SB_DFFN.\Q' using process `\SB_DFFN.$proc$build/synthesis-tools/root/usr/bin/../share/yosys/ice40/cells_sim.v:882$504'.
  created $dff cell `$procdff$1443' with negative edge clock.
Creating register for signal `\SB_DFFES.\Q' using process `\SB_DFFES.$proc$build/synthesis-tools/root/usr/bin/../share/yosys/ice40/cells_sim.v:803$500'.
  created $adff cell `$procdff$1446' with positive edge clock and positive level reset.
Creating register for signal `\SB_DFFESS.\Q' using process `\SB_DFFESS.$proc$build/synthesis-tools/root/usr/bin/../share/yosys/ice40/cells_sim.v:742$493'.
  created $dff cell `$procdff$1447' with positive edge clock.
Creating register for signal `\SB_DFFER.\Q' using process `\SB_DFFER.$proc$build/synthesis-tools/root/usr/bin/../share/yosys/ice40/cells_sim.v:662$489'.
  created $adff cell `$procdff$1450' with positive edge clock and positive level reset.
Creating register for signal `\SB_DFFESR.\Q' using process `\SB_DFFESR.$proc$build/synthesis-tools/root/usr/bin/../share/yosys/ice40/cells_sim.v:601$482'.
  created $dff cell `$procdff$1451' with positive edge clock.
Creating register for signal `\SB_DFFS.\Q' using process `\SB_DFFS.$proc$build/synthesis-tools/root/usr/bin/../share/yosys/ice40/cells_sim.v:527$479'.
  created $adff cell `$procdff$1454' with positive edge clock and positive level reset.
Creating register for signal `\SB_DFFSS.\Q' using process `\SB_DFFSS.$proc$build/synthesis-tools/root/usr/bin/../share/yosys/ice40/cells_sim.v:477$476'.
  created $dff cell `$procdff$1455' with positive edge clock.
Creating register for signal `\SB_DFFR.\Q' using process `\SB_DFFR.$proc$build/synthesis-tools/root/usr/bin/../share/yosys/ice40/cells_sim.v:406$473'.
  created $adff cell `$procdff$1458' with positive edge clock and positive level reset.
Creating register for signal `\SB_DFFSR.\Q' using process `\SB_DFFSR.$proc$build/synthesis-tools/root/usr/bin/../share/yosys/ice40/cells_sim.v:356$470'.
  created $dff cell `$procdff$1459' with positive edge clock.
Creating register for signal `\SB_DFFE.\Q' using process `\SB_DFFE.$proc$build/synthesis-tools/root/usr/bin/../share/yosys/ice40/cells_sim.v:311$468'.
  created $dff cell `$procdff$1460' with positive edge clock.
Creating register for signal `\SB_DFF.\Q' using process `\SB_DFF.$proc$build/synthesis-tools/root/usr/bin/../share/yosys/ice40/cells_sim.v:271$466'.
  created $dff cell `$procdff$1461' with positive edge clock.
Creating register for signal `\fpga_uart_demo.\reset_sync' using process `\fpga_uart_demo.$proc$build/timing-reference/latest/converted.v:593$176'.
  created $adff cell `$procdff$1466' with positive edge clock and positive level reset.
Creating register for signal `$paramod$ae88f438a6f6d99783e6a82657279bef00bc9dad\apb_uart.\baud_div' using process `$paramod$ae88f438a6f6d99783e6a82657279bef00bc9dad\apb_uart.$proc$build/timing-reference/latest/converted.v:389$294'.
  created $adff cell `$procdff$1471' with positive edge clock and positive level reset.
Creating register for signal `$paramod$ae88f438a6f6d99783e6a82657279bef00bc9dad\apb_uart.\tx_enable' using process `$paramod$ae88f438a6f6d99783e6a82657279bef00bc9dad\apb_uart.$proc$build/timing-reference/latest/converted.v:389$294'.
  created $adff cell `$procdff$1476' with positive edge clock and positive level reset.
Creating register for signal `$paramod$ae88f438a6f6d99783e6a82657279bef00bc9dad\apb_uart.\rx_enable' using process `$paramod$ae88f438a6f6d99783e6a82657279bef00bc9dad\apb_uart.$proc$build/timing-reference/latest/converted.v:389$294'.
  created $adff cell `$procdff$1481' with positive edge clock and positive level reset.
Creating register for signal `$paramod$ae88f438a6f6d99783e6a82657279bef00bc9dad\apb_uart.\scratch' using process `$paramod$ae88f438a6f6d99783e6a82657279bef00bc9dad\apb_uart.$proc$build/timing-reference/latest/converted.v:389$294'.
  created $adff cell `$procdff$1486' with positive edge clock and positive level reset.
Creating register for signal `$paramod$ae88f438a6f6d99783e6a82657279bef00bc9dad\apb_uart.\rx_overflow_sticky' using process `$paramod$ae88f438a6f6d99783e6a82657279bef00bc9dad\apb_uart.$proc$build/timing-reference/latest/converted.v:389$294'.
  created $adff cell `$procdff$1491' with positive edge clock and positive level reset.
Creating register for signal `$paramod$ae88f438a6f6d99783e6a82657279bef00bc9dad\apb_uart.\rx_framing_sticky' using process `$paramod$ae88f438a6f6d99783e6a82657279bef00bc9dad\apb_uart.$proc$build/timing-reference/latest/converted.v:389$294'.
  created $adff cell `$procdff$1496' with positive edge clock and positive level reset.
Creating register for signal `$paramod$ae88f438a6f6d99783e6a82657279bef00bc9dad\apb_uart.\wait_left' using process `$paramod$ae88f438a6f6d99783e6a82657279bef00bc9dad\apb_uart.$proc$build/timing-reference/latest/converted.v:329$252'.
  created $adff cell `$procdff$1501' with positive edge clock and positive level reset.
Creating register for signal `$paramod$ae88f438a6f6d99783e6a82657279bef00bc9dad\apb_uart.\setup_seen' using process `$paramod$ae88f438a6f6d99783e6a82657279bef00bc9dad\apb_uart.$proc$build/timing-reference/latest/converted.v:329$252'.
  created $adff cell `$procdff$1506' with positive edge clock and positive level reset.
Creating register for signal `$paramod\apb_uart_echo_master\BAUD_DIV=s32'00000000000000000000000110110010.\ready' using process `$paramod\apb_uart_echo_master\BAUD_DIV=s32'00000000000000000000000110110010.$proc$build/timing-reference/latest/converted.v:527$242'.
  created $adff cell `$procdff$1511' with positive edge clock and positive level reset.
Creating register for signal `$paramod\apb_uart_echo_master\BAUD_DIV=s32'00000000000000000000000110110010.\error' using process `$paramod\apb_uart_echo_master\BAUD_DIV=s32'00000000000000000000000110110010.$proc$build/timing-reference/latest/converted.v:527$242'.
  created $adff cell `$procdff$1516' with positive edge clock and positive level reset.
Creating register for signal `$paramod\apb_uart_echo_master\BAUD_DIV=s32'00000000000000000000000110110010.\operation' using process `$paramod\apb_uart_echo_master\BAUD_DIV=s32'00000000000000000000000110110010.$proc$build/timing-reference/latest/converted.v:527$242'.
  created $adff cell `$procdff$1521' with positive edge clock and positive level reset.
Creating register for signal `$paramod\apb_uart_echo_master\BAUD_DIV=s32'00000000000000000000000110110010.\access_phase' using process `$paramod\apb_uart_echo_master\BAUD_DIV=s32'00000000000000000000000110110010.$proc$build/timing-reference/latest/converted.v:527$242'.
  created $adff cell `$procdff$1526' with positive edge clock and positive level reset.
Creating register for signal `$paramod\apb_uart_echo_master\BAUD_DIV=s32'00000000000000000000000110110010.\echo_byte' using process `$paramod\apb_uart_echo_master\BAUD_DIV=s32'00000000000000000000000110110010.$proc$build/timing-reference/latest/converted.v:527$242'.
  created $adff cell `$procdff$1531' with positive edge clock and positive level reset.
Creating register for signal `\uart_rx.\state' using process `\uart_rx.$proc$build/timing-reference/latest/converted.v:187$81'.
  created $adff cell `$procdff$1536' with positive edge clock and positive level reset.
Creating register for signal `\uart_rx.\ticks_left' using process `\uart_rx.$proc$build/timing-reference/latest/converted.v:187$81'.
  created $adff cell `$procdff$1541' with positive edge clock and positive level reset.
Creating register for signal `\uart_rx.\frame_div' using process `\uart_rx.$proc$build/timing-reference/latest/converted.v:187$81'.
  created $adff cell `$procdff$1546' with positive edge clock and positive level reset.
Creating register for signal `\uart_rx.\bit_idx' using process `\uart_rx.$proc$build/timing-reference/latest/converted.v:187$81'.
  created $adff cell `$procdff$1551' with positive edge clock and positive level reset.
Creating register for signal `\uart_rx.\valid' using process `\uart_rx.$proc$build/timing-reference/latest/converted.v:187$81'.
  created $adff cell `$procdff$1556' with positive edge clock and positive level reset.
Creating register for signal `\uart_rx.\data' using process `\uart_rx.$proc$build/timing-reference/latest/converted.v:187$81'.
  created $adff cell `$procdff$1561' with positive edge clock and positive level reset.
Creating register for signal `\uart_rx.\framing_error' using process `\uart_rx.$proc$build/timing-reference/latest/converted.v:187$81'.
  created $adff cell `$procdff$1566' with positive edge clock and positive level reset.
Creating register for signal `\uart_rx.\rx_meta' using process `\uart_rx.$proc$build/timing-reference/latest/converted.v:187$81'.
  created $adff cell `$procdff$1571' with positive edge clock and positive level reset.
Creating register for signal `\uart_rx.\rx_sync' using process `\uart_rx.$proc$build/timing-reference/latest/converted.v:187$81'.
  created $adff cell `$procdff$1576' with positive edge clock and positive level reset.
Creating register for signal `\uart_rx.\rx_prev' using process `\uart_rx.$proc$build/timing-reference/latest/converted.v:187$81'.
  created $adff cell `$procdff$1581' with positive edge clock and positive level reset.
Creating register for signal `\uart_rx.\shift_data' using process `\uart_rx.$proc$build/timing-reference/latest/converted.v:187$81'.
  created $adff cell `$procdff$1586' with positive edge clock and positive level reset.
Creating register for signal `\uart_rx.$bitselwrite$pos$build/timing-reference/latest/converted.v:234$78' using process `\uart_rx.$proc$build/timing-reference/latest/converted.v:187$81'.
  created $adff cell `$procdff$1591' with positive edge clock and positive level reset.
Creating register for signal `\uart_rx.$lookahead\shift_data$80' using process `\uart_rx.$proc$build/timing-reference/latest/converted.v:187$81'.
  created $adff cell `$procdff$1596' with positive edge clock and positive level reset.
Creating register for signal `\uart_tx.\tx' using process `\uart_tx.$proc$build/timing-reference/latest/converted.v:104$66'.
  created $adff cell `$procdff$1601' with positive edge clock and positive level reset.
Creating register for signal `\uart_tx.\state' using process `\uart_tx.$proc$build/timing-reference/latest/converted.v:104$66'.
  created $adff cell `$procdff$1606' with positive edge clock and positive level reset.
Creating register for signal `\uart_tx.\ticks_left' using process `\uart_tx.$proc$build/timing-reference/latest/converted.v:104$66'.
  created $adff cell `$procdff$1611' with positive edge clock and positive level reset.
Creating register for signal `\uart_tx.\frame_div' using process `\uart_tx.$proc$build/timing-reference/latest/converted.v:104$66'.
  created $adff cell `$procdff$1616' with positive edge clock and positive level reset.
Creating register for signal `\uart_tx.\frame_data' using process `\uart_tx.$proc$build/timing-reference/latest/converted.v:104$66'.
  created $adff cell `$procdff$1621' with positive edge clock and positive level reset.
Creating register for signal `\uart_tx.\bit_idx' using process `\uart_tx.$proc$build/timing-reference/latest/converted.v:104$66'.
  created $adff cell `$procdff$1626' with positive edge clock and positive level reset.
Creating register for signal `$paramod$9b7a6de76a656f235265b36ced3b9a85d704f591\sync_fifo.\wr_ptr' using process `$paramod$9b7a6de76a656f235265b36ced3b9a85d704f591\sync_fifo.$proc$build/timing-reference/latest/converted.v:57$192'.
  created $adff cell `$procdff$1631' with positive edge clock and positive level reset.
Creating register for signal `$paramod$9b7a6de76a656f235265b36ced3b9a85d704f591\sync_fifo.\rd_ptr' using process `$paramod$9b7a6de76a656f235265b36ced3b9a85d704f591\sync_fifo.$proc$build/timing-reference/latest/converted.v:57$192'.
  created $adff cell `$procdff$1636' with positive edge clock and positive level reset.
Creating register for signal `$paramod$9b7a6de76a656f235265b36ced3b9a85d704f591\sync_fifo.\count' using process `$paramod$9b7a6de76a656f235265b36ced3b9a85d704f591\sync_fifo.$proc$build/timing-reference/latest/converted.v:57$192'.
  created $adff cell `$procdff$1641' with positive edge clock and positive level reset.
Creating register for signal `$paramod$9b7a6de76a656f235265b36ced3b9a85d704f591\sync_fifo.\mem[0]' using process `$paramod$9b7a6de76a656f235265b36ced3b9a85d704f591\sync_fifo.$proc$build/timing-reference/latest/converted.v:57$192'.
  created $dff cell `$procdff$1648' with positive edge clock.
Creating register for signal `$paramod$9b7a6de76a656f235265b36ced3b9a85d704f591\sync_fifo.\mem[1]' using process `$paramod$9b7a6de76a656f235265b36ced3b9a85d704f591\sync_fifo.$proc$build/timing-reference/latest/converted.v:57$192'.
  created $dff cell `$procdff$1655' with positive edge clock.
Creating register for signal `$paramod$9b7a6de76a656f235265b36ced3b9a85d704f591\sync_fifo.\mem[2]' using process `$paramod$9b7a6de76a656f235265b36ced3b9a85d704f591\sync_fifo.$proc$build/timing-reference/latest/converted.v:57$192'.
  created $dff cell `$procdff$1662' with positive edge clock.
Creating register for signal `$paramod$9b7a6de76a656f235265b36ced3b9a85d704f591\sync_fifo.\mem[3]' using process `$paramod$9b7a6de76a656f235265b36ced3b9a85d704f591\sync_fifo.$proc$build/timing-reference/latest/converted.v:57$192'.
  created $dff cell `$procdff$1669' with positive edge clock.
Creating register for signal `$paramod$9b7a6de76a656f235265b36ced3b9a85d704f591\sync_fifo.\mem[4]' using process `$paramod$9b7a6de76a656f235265b36ced3b9a85d704f591\sync_fifo.$proc$build/timing-reference/latest/converted.v:57$192'.
  created $dff cell `$procdff$1676' with positive edge clock.
Creating register for signal `$paramod$9b7a6de76a656f235265b36ced3b9a85d704f591\sync_fifo.\mem[5]' using process `$paramod$9b7a6de76a656f235265b36ced3b9a85d704f591\sync_fifo.$proc$build/timing-reference/latest/converted.v:57$192'.
  created $dff cell `$procdff$1683' with positive edge clock.
Creating register for signal `$paramod$9b7a6de76a656f235265b36ced3b9a85d704f591\sync_fifo.\mem[6]' using process `$paramod$9b7a6de76a656f235265b36ced3b9a85d704f591\sync_fifo.$proc$build/timing-reference/latest/converted.v:57$192'.
  created $dff cell `$procdff$1690' with positive edge clock.
Creating register for signal `$paramod$9b7a6de76a656f235265b36ced3b9a85d704f591\sync_fifo.\mem[7]' using process `$paramod$9b7a6de76a656f235265b36ced3b9a85d704f591\sync_fifo.$proc$build/timing-reference/latest/converted.v:57$192'.
  created $dff cell `$procdff$1697' with positive edge clock.
Creating register for signal `$paramod$9b7a6de76a656f235265b36ced3b9a85d704f591\sync_fifo.\mem[8]' using process `$paramod$9b7a6de76a656f235265b36ced3b9a85d704f591\sync_fifo.$proc$build/timing-reference/latest/converted.v:57$192'.
  created $dff cell `$procdff$1704' with positive edge clock.
Creating register for signal `$paramod$9b7a6de76a656f235265b36ced3b9a85d704f591\sync_fifo.\mem[9]' using process `$paramod$9b7a6de76a656f235265b36ced3b9a85d704f591\sync_fifo.$proc$build/timing-reference/latest/converted.v:57$192'.
  created $dff cell `$procdff$1711' with positive edge clock.
Creating register for signal `$paramod$9b7a6de76a656f235265b36ced3b9a85d704f591\sync_fifo.\mem[10]' using process `$paramod$9b7a6de76a656f235265b36ced3b9a85d704f591\sync_fifo.$proc$build/timing-reference/latest/converted.v:57$192'.
  created $dff cell `$procdff$1718' with positive edge clock.
Creating register for signal `$paramod$9b7a6de76a656f235265b36ced3b9a85d704f591\sync_fifo.\mem[11]' using process `$paramod$9b7a6de76a656f235265b36ced3b9a85d704f591\sync_fifo.$proc$build/timing-reference/latest/converted.v:57$192'.
  created $dff cell `$procdff$1725' with positive edge clock.
Creating register for signal `$paramod$9b7a6de76a656f235265b36ced3b9a85d704f591\sync_fifo.\mem[12]' using process `$paramod$9b7a6de76a656f235265b36ced3b9a85d704f591\sync_fifo.$proc$build/timing-reference/latest/converted.v:57$192'.
  created $dff cell `$procdff$1732' with positive edge clock.
Creating register for signal `$paramod$9b7a6de76a656f235265b36ced3b9a85d704f591\sync_fifo.\mem[13]' using process `$paramod$9b7a6de76a656f235265b36ced3b9a85d704f591\sync_fifo.$proc$build/timing-reference/latest/converted.v:57$192'.
  created $dff cell `$procdff$1739' with positive edge clock.
Creating register for signal `$paramod$9b7a6de76a656f235265b36ced3b9a85d704f591\sync_fifo.\mem[14]' using process `$paramod$9b7a6de76a656f235265b36ced3b9a85d704f591\sync_fifo.$proc$build/timing-reference/latest/converted.v:57$192'.
  created $dff cell `$procdff$1746' with positive edge clock.
Creating register for signal `$paramod$9b7a6de76a656f235265b36ced3b9a85d704f591\sync_fifo.\mem[15]' using process `$paramod$9b7a6de76a656f235265b36ced3b9a85d704f591\sync_fifo.$proc$build/timing-reference/latest/converted.v:57$192'.
  created $dff cell `$procdff$1753' with positive edge clock.
Creating register for signal `$paramod$9b7a6de76a656f235265b36ced3b9a85d704f591\sync_fifo.\next_ptr$func$build/timing-reference/latest/converted.v:66$179._sv2v_jump' using process `$paramod$9b7a6de76a656f235265b36ced3b9a85d704f591\sync_fifo.$proc$build/timing-reference/latest/converted.v:57$192'.
  created $adff cell `$procdff$1758' with positive edge clock and positive level reset.
Creating register for signal `$paramod$9b7a6de76a656f235265b36ced3b9a85d704f591\sync_fifo.\next_ptr$func$build/timing-reference/latest/converted.v:66$179.ptr' using process `$paramod$9b7a6de76a656f235265b36ced3b9a85d704f591\sync_fifo.$proc$build/timing-reference/latest/converted.v:57$192'.
  created $adff cell `$procdff$1763' with positive edge clock and positive level reset.
Creating register for signal `$paramod$9b7a6de76a656f235265b36ced3b9a85d704f591\sync_fifo.\next_ptr$func$build/timing-reference/latest/converted.v:66$179.$result' using process `$paramod$9b7a6de76a656f235265b36ced3b9a85d704f591\sync_fifo.$proc$build/timing-reference/latest/converted.v:57$192'.
  created $adff cell `$procdff$1768' with positive edge clock and positive level reset.
Creating register for signal `$paramod$9b7a6de76a656f235265b36ced3b9a85d704f591\sync_fifo.\next_ptr$func$build/timing-reference/latest/converted.v:69$181.$result' using process `$paramod$9b7a6de76a656f235265b36ced3b9a85d704f591\sync_fifo.$proc$build/timing-reference/latest/converted.v:57$192'.
  created $adff cell `$procdff$1773' with positive edge clock and positive level reset.
Creating register for signal `$paramod$9b7a6de76a656f235265b36ced3b9a85d704f591\sync_fifo.\next_ptr$func$build/timing-reference/latest/converted.v:69$181.ptr' using process `$paramod$9b7a6de76a656f235265b36ced3b9a85d704f591\sync_fifo.$proc$build/timing-reference/latest/converted.v:57$192'.
  created $adff cell `$procdff$1778' with positive edge clock and positive level reset.
Creating register for signal `$paramod$9b7a6de76a656f235265b36ced3b9a85d704f591\sync_fifo.\next_ptr$func$build/timing-reference/latest/converted.v:69$181._sv2v_jump' using process `$paramod$9b7a6de76a656f235265b36ced3b9a85d704f591\sync_fifo.$proc$build/timing-reference/latest/converted.v:57$192'.
  created $adff cell `$procdff$1783' with positive edge clock and positive level reset.
Creating register for signal `$paramod$9b7a6de76a656f235265b36ced3b9a85d704f591\sync_fifo.$mem2reg_wr$\mem$build/timing-reference/latest/converted.v:65$184_ADDR' using process `$paramod$9b7a6de76a656f235265b36ced3b9a85d704f591\sync_fifo.$proc$build/timing-reference/latest/converted.v:57$192'.
  created $adff cell `$procdff$1788' with positive edge clock and positive level reset.
Creating register for signal `$paramod$9b7a6de76a656f235265b36ced3b9a85d704f591\sync_fifo.$mem2reg_wr$\mem$build/timing-reference/latest/converted.v:65$184_DATA' using process `$paramod$9b7a6de76a656f235265b36ced3b9a85d704f591\sync_fifo.$proc$build/timing-reference/latest/converted.v:57$192'.
  created $adff cell `$procdff$1793' with positive edge clock and positive level reset.

4.3.10. Executing PROC_MEMWR pass (convert process memory writes to cells).

4.3.11. Executing PROC_CLEAN pass (remove empty switches from decision trees).
Removing empty process `SB_DFFNES.$proc$build/synthesis-tools/root/usr/bin/../share/yosys/ice40/cells_sim.v:0$541'.
Found and cleaned up 1 empty switch in `\SB_DFFNES.$proc$build/synthesis-tools/root/usr/bin/../share/yosys/ice40/cells_sim.v:1414$538'.
Removing empty process `SB_DFFNES.$proc$build/synthesis-tools/root/usr/bin/../share/yosys/ice40/cells_sim.v:1414$538'.
Removing empty process `SB_DFFNESS.$proc$build/synthesis-tools/root/usr/bin/../share/yosys/ice40/cells_sim.v:0$537'.
Found and cleaned up 2 empty switches in `\SB_DFFNESS.$proc$build/synthesis-tools/root/usr/bin/../share/yosys/ice40/cells_sim.v:1353$531'.
Removing empty process `SB_DFFNESS.$proc$build/synthesis-tools/root/usr/bin/../share/yosys/ice40/cells_sim.v:1353$531'.
Removing empty process `SB_DFFNER.$proc$build/synthesis-tools/root/usr/bin/../share/yosys/ice40/cells_sim.v:0$530'.
Found and cleaned up 1 empty switch in `\SB_DFFNER.$proc$build/synthesis-tools/root/usr/bin/../share/yosys/ice40/cells_sim.v:1273$527'.
Removing empty process `SB_DFFNER.$proc$build/synthesis-tools/root/usr/bin/../share/yosys/ice40/cells_sim.v:1273$527'.
Removing empty process `SB_DFFNESR.$proc$build/synthesis-tools/root/usr/bin/../share/yosys/ice40/cells_sim.v:0$526'.
Found and cleaned up 2 empty switches in `\SB_DFFNESR.$proc$build/synthesis-tools/root/usr/bin/../share/yosys/ice40/cells_sim.v:1212$520'.
Removing empty process `SB_DFFNESR.$proc$build/synthesis-tools/root/usr/bin/../share/yosys/ice40/cells_sim.v:1212$520'.
Removing empty process `SB_DFFNS.$proc$build/synthesis-tools/root/usr/bin/../share/yosys/ice40/cells_sim.v:0$519'.
Removing empty process `SB_DFFNS.$proc$build/synthesis-tools/root/usr/bin/../share/yosys/ice40/cells_sim.v:1138$517'.
Removing empty process `SB_DFFNSS.$proc$build/synthesis-tools/root/usr/bin/../share/yosys/ice40/cells_sim.v:0$516'.
Found and cleaned up 1 empty switch in `\SB_DFFNSS.$proc$build/synthesis-tools/root/usr/bin/../share/yosys/ice40/cells_sim.v:1088$514'.
Removing empty process `SB_DFFNSS.$proc$build/synthesis-tools/root/usr/bin/../share/yosys/ice40/cells_sim.v:1088$514'.
Removing empty process `SB_DFFNR.$proc$build/synthesis-tools/root/usr/bin/../share/yosys/ice40/cells_sim.v:0$513'.
Removing empty process `SB_DFFNR.$proc$build/synthesis-tools/root/usr/bin/../share/yosys/ice40/cells_sim.v:1017$511'.
Removing empty process `SB_DFFNSR.$proc$build/synthesis-tools/root/usr/bin/../share/yosys/ice40/cells_sim.v:0$510'.
Found and cleaned up 1 empty switch in `\SB_DFFNSR.$proc$build/synthesis-tools/root/usr/bin/../share/yosys/ice40/cells_sim.v:967$508'.
Removing empty process `SB_DFFNSR.$proc$build/synthesis-tools/root/usr/bin/../share/yosys/ice40/cells_sim.v:967$508'.
Removing empty process `SB_DFFNE.$proc$build/synthesis-tools/root/usr/bin/../share/yosys/ice40/cells_sim.v:0$507'.
Found and cleaned up 1 empty switch in `\SB_DFFNE.$proc$build/synthesis-tools/root/usr/bin/../share/yosys/ice40/cells_sim.v:922$506'.
Removing empty process `SB_DFFNE.$proc$build/synthesis-tools/root/usr/bin/../share/yosys/ice40/cells_sim.v:922$506'.
Removing empty process `SB_DFFN.$proc$build/synthesis-tools/root/usr/bin/../share/yosys/ice40/cells_sim.v:0$505'.
Removing empty process `SB_DFFN.$proc$build/synthesis-tools/root/usr/bin/../share/yosys/ice40/cells_sim.v:882$504'.
Removing empty process `SB_DFFES.$proc$build/synthesis-tools/root/usr/bin/../share/yosys/ice40/cells_sim.v:0$503'.
Found and cleaned up 1 empty switch in `\SB_DFFES.$proc$build/synthesis-tools/root/usr/bin/../share/yosys/ice40/cells_sim.v:803$500'.
Removing empty process `SB_DFFES.$proc$build/synthesis-tools/root/usr/bin/../share/yosys/ice40/cells_sim.v:803$500'.
Removing empty process `SB_DFFESS.$proc$build/synthesis-tools/root/usr/bin/../share/yosys/ice40/cells_sim.v:0$499'.
Found and cleaned up 2 empty switches in `\SB_DFFESS.$proc$build/synthesis-tools/root/usr/bin/../share/yosys/ice40/cells_sim.v:742$493'.
Removing empty process `SB_DFFESS.$proc$build/synthesis-tools/root/usr/bin/../share/yosys/ice40/cells_sim.v:742$493'.
Removing empty process `SB_DFFER.$proc$build/synthesis-tools/root/usr/bin/../share/yosys/ice40/cells_sim.v:0$492'.
Found and cleaned up 1 empty switch in `\SB_DFFER.$proc$build/synthesis-tools/root/usr/bin/../share/yosys/ice40/cells_sim.v:662$489'.
Removing empty process `SB_DFFER.$proc$build/synthesis-tools/root/usr/bin/../share/yosys/ice40/cells_sim.v:662$489'.
Removing empty process `SB_DFFESR.$proc$build/synthesis-tools/root/usr/bin/../share/yosys/ice40/cells_sim.v:0$488'.
Found and cleaned up 2 empty switches in `\SB_DFFESR.$proc$build/synthesis-tools/root/usr/bin/../share/yosys/ice40/cells_sim.v:601$482'.
Removing empty process `SB_DFFESR.$proc$build/synthesis-tools/root/usr/bin/../share/yosys/ice40/cells_sim.v:601$482'.
Removing empty process `SB_DFFS.$proc$build/synthesis-tools/root/usr/bin/../share/yosys/ice40/cells_sim.v:0$481'.
Removing empty process `SB_DFFS.$proc$build/synthesis-tools/root/usr/bin/../share/yosys/ice40/cells_sim.v:527$479'.
Removing empty process `SB_DFFSS.$proc$build/synthesis-tools/root/usr/bin/../share/yosys/ice40/cells_sim.v:0$478'.
Found and cleaned up 1 empty switch in `\SB_DFFSS.$proc$build/synthesis-tools/root/usr/bin/../share/yosys/ice40/cells_sim.v:477$476'.
Removing empty process `SB_DFFSS.$proc$build/synthesis-tools/root/usr/bin/../share/yosys/ice40/cells_sim.v:477$476'.
Removing empty process `SB_DFFR.$proc$build/synthesis-tools/root/usr/bin/../share/yosys/ice40/cells_sim.v:0$475'.
Removing empty process `SB_DFFR.$proc$build/synthesis-tools/root/usr/bin/../share/yosys/ice40/cells_sim.v:406$473'.
Removing empty process `SB_DFFSR.$proc$build/synthesis-tools/root/usr/bin/../share/yosys/ice40/cells_sim.v:0$472'.
Found and cleaned up 1 empty switch in `\SB_DFFSR.$proc$build/synthesis-tools/root/usr/bin/../share/yosys/ice40/cells_sim.v:356$470'.
Removing empty process `SB_DFFSR.$proc$build/synthesis-tools/root/usr/bin/../share/yosys/ice40/cells_sim.v:356$470'.
Removing empty process `SB_DFFE.$proc$build/synthesis-tools/root/usr/bin/../share/yosys/ice40/cells_sim.v:0$469'.
Found and cleaned up 1 empty switch in `\SB_DFFE.$proc$build/synthesis-tools/root/usr/bin/../share/yosys/ice40/cells_sim.v:311$468'.
Removing empty process `SB_DFFE.$proc$build/synthesis-tools/root/usr/bin/../share/yosys/ice40/cells_sim.v:311$468'.
Removing empty process `SB_DFF.$proc$build/synthesis-tools/root/usr/bin/../share/yosys/ice40/cells_sim.v:0$467'.
Removing empty process `SB_DFF.$proc$build/synthesis-tools/root/usr/bin/../share/yosys/ice40/cells_sim.v:271$466'.
Removing empty process `fpga_uart_demo.$proc$build/timing-reference/latest/converted.v:593$176'.
Removing empty process `$paramod$ae88f438a6f6d99783e6a82657279bef00bc9dad\apb_uart.$proc$build/timing-reference/latest/converted.v:0$297'.
Found and cleaned up 4 empty switches in `$paramod$ae88f438a6f6d99783e6a82657279bef00bc9dad\apb_uart.$proc$build/timing-reference/latest/converted.v:389$294'.
Removing empty process `$paramod$ae88f438a6f6d99783e6a82657279bef00bc9dad\apb_uart.$proc$build/timing-reference/latest/converted.v:389$294'.
Found and cleaned up 2 empty switches in `$paramod$ae88f438a6f6d99783e6a82657279bef00bc9dad\apb_uart.$proc$build/timing-reference/latest/converted.v:375$293'.
Removing empty process `$paramod$ae88f438a6f6d99783e6a82657279bef00bc9dad\apb_uart.$proc$build/timing-reference/latest/converted.v:375$293'.
Found and cleaned up 2 empty switches in `$paramod$ae88f438a6f6d99783e6a82657279bef00bc9dad\apb_uart.$proc$build/timing-reference/latest/converted.v:347$263'.
Removing empty process `$paramod$ae88f438a6f6d99783e6a82657279bef00bc9dad\apb_uart.$proc$build/timing-reference/latest/converted.v:347$263'.
Found and cleaned up 4 empty switches in `$paramod$ae88f438a6f6d99783e6a82657279bef00bc9dad\apb_uart.$proc$build/timing-reference/latest/converted.v:329$252'.
Removing empty process `$paramod$ae88f438a6f6d99783e6a82657279bef00bc9dad\apb_uart.$proc$build/timing-reference/latest/converted.v:329$252'.
Removing empty process `$paramod\apb_uart_echo_master\BAUD_DIV=s32'00000000000000000000000110110010.$proc$build/timing-reference/latest/converted.v:0$250'.
Found and cleaned up 7 empty switches in `$paramod\apb_uart_echo_master\BAUD_DIV=s32'00000000000000000000000110110010.$proc$build/timing-reference/latest/converted.v:527$242'.
Removing empty process `$paramod\apb_uart_echo_master\BAUD_DIV=s32'00000000000000000000000110110010.$proc$build/timing-reference/latest/converted.v:527$242'.
Found and cleaned up 1 empty switch in `$paramod\apb_uart_echo_master\BAUD_DIV=s32'00000000000000000000000110110010.$proc$build/timing-reference/latest/converted.v:498$238'.
Removing empty process `$paramod\apb_uart_echo_master\BAUD_DIV=s32'00000000000000000000000110110010.$proc$build/timing-reference/latest/converted.v:498$238'.
Found and cleaned up 9 empty switches in `\uart_rx.$proc$build/timing-reference/latest/converted.v:187$81'.
Removing empty process `uart_rx.$proc$build/timing-reference/latest/converted.v:187$81'.
Found and cleaned up 6 empty switches in `\uart_tx.$proc$build/timing-reference/latest/converted.v:104$66'.
Removing empty process `uart_tx.$proc$build/timing-reference/latest/converted.v:104$66'.
Found and cleaned up 1 empty switch in `$paramod$9b7a6de76a656f235265b36ced3b9a85d704f591\sync_fifo.$proc$build/timing-reference/latest/converted.v:0$234'.
Removing empty process `$paramod$9b7a6de76a656f235265b36ced3b9a85d704f591\sync_fifo.$proc$build/timing-reference/latest/converted.v:0$234'.
Found and cleaned up 8 empty switches in `$paramod$9b7a6de76a656f235265b36ced3b9a85d704f591\sync_fifo.$proc$build/timing-reference/latest/converted.v:57$192'.
Removing empty process `$paramod$9b7a6de76a656f235265b36ced3b9a85d704f591\sync_fifo.$proc$build/timing-reference/latest/converted.v:57$192'.
Cleaned up 62 empty switches.

4.3.12. Executing OPT_EXPR pass (perform const folding).
Optimizing module fpga_uart_demo.
<suppressed ~2 debug messages>
Optimizing module $paramod$ae88f438a6f6d99783e6a82657279bef00bc9dad\apb_uart.
<suppressed ~28 debug messages>
Optimizing module $paramod\apb_uart_echo_master\BAUD_DIV=s32'00000000000000000000000110110010.
<suppressed ~26 debug messages>
Optimizing module uart_rx.
<suppressed ~50 debug messages>
Optimizing module uart_tx.
<suppressed ~20 debug messages>
Optimizing module $paramod$9b7a6de76a656f235265b36ced3b9a85d704f591\sync_fifo.
<suppressed ~59 debug messages>

4.4. Executing FLATTEN pass (flatten design).
Deleting now unused module $paramod$ae88f438a6f6d99783e6a82657279bef00bc9dad\apb_uart.
Deleting now unused module $paramod\apb_uart_echo_master\BAUD_DIV=s32'00000000000000000000000110110010.
Deleting now unused module uart_rx.
Deleting now unused module uart_tx.
Deleting now unused module $paramod$9b7a6de76a656f235265b36ced3b9a85d704f591\sync_fifo.
<suppressed ~6 debug messages>

4.5. Executing TRIBUF pass.

4.6. Executing DEMINOUT pass (demote inout ports to input or output).

4.7. Executing OPT_EXPR pass (perform const folding).
Optimizing module fpga_uart_demo.

4.8. Executing OPT_CLEAN pass (remove unused cells and wires).
Finding unused cells or wires in module \fpga_uart_demo..
Removed 151 unused cells and 618 unused wires.
<suppressed ~161 debug messages>

4.9. Executing CHECK pass (checking for obvious problems).
Checking module fpga_uart_demo...
Found and reported 0 problems.

4.10. Executing OPT pass (performing simple optimizations).

4.10.1. Executing OPT_EXPR pass (perform const folding).
Optimizing module fpga_uart_demo.

4.10.2. Executing OPT_MERGE pass (detect identical cells).
Finding identical cells in module `\fpga_uart_demo'.
<suppressed ~243 debug messages>
Removed a total of 81 cells.

4.10.3. Executing OPT_MUXTREE pass (detect dead branches in mux trees).
Running muxtree optimizer on module \fpga_uart_demo..
  Creating internal representation of mux trees.
  Evaluating internal representation of mux trees.
      Replacing known input bits on port A of cell $flatten\u_uart.$procmux$788: \u_uart.wait_left -> 1'0
      Replacing known input bits on port B of cell $flatten\u_master.$procmux$857: \u_master.error -> 1'1
      Replacing known input bits on port A of cell $flatten\u_master.$procmux$855: \u_master.error -> 1'0
      Replacing known input bits on port A of cell $flatten\u_master.$procmux$852: \u_master.error -> 1'0
      Replacing known input bits on port B of cell $flatten\u_master.$procmux$840: { \u_master.error \u_master.error $flatten\u_master.$procmux$844_Y \u_master.error \u_master.error } -> { 2'00 $flatten\u_master.$procmux$844_Y 2'00 }
      Replacing known input bits on port A of cell $flatten\u_master.$procmux$844: \u_master.error -> 1'0
      Replacing known input bits on port A of cell $flatten\u_master.$procmux$810: \u_master.access_phase -> 1'1
  Analyzing evaluation results.
    dead port 2/2 on $mux $flatten\u_uart.$procmux$755.
    dead port 2/2 on $mux $flatten\u_uart.$procmux$766.
    dead port 2/2 on $mux $flatten\u_uart.\u_rx_fifo.$procmux$1158.
    dead port 2/2 on $mux $flatten\u_uart.\u_rx_fifo.$procmux$1170.
    dead port 2/2 on $mux $flatten\u_uart.\u_rx_fifo.$procmux$1191.
    dead port 2/2 on $mux $flatten\u_uart.\u_rx_fifo.$procmux$1203.
    dead port 2/2 on $mux $flatten\u_uart.\u_tx_fifo.$procmux$1158.
    dead port 2/2 on $mux $flatten\u_uart.\u_tx_fifo.$procmux$1170.
    dead port 2/2 on $mux $flatten\u_uart.\u_tx_fifo.$procmux$1191.
    dead port 2/2 on $mux $flatten\u_uart.\u_tx_fifo.$procmux$1203.
    dead port 2/2 on $mux $flatten\u_uart.\u_uart_rx.$procmux$899.
    dead port 2/2 on $mux $flatten\u_uart.\u_uart_rx.$procmux$902.
    dead port 2/2 on $mux $flatten\u_uart.\u_uart_rx.$procmux$919.
Removed 13 multiplexer ports.
<suppressed ~74 debug messages>

4.10.4. Executing OPT_REDUCE pass (consolidate $*mux and $reduce_* inputs).
  Optimizing cells in module \fpga_uart_demo.
    New ctrl vector for $pmux cell $flatten\u_uart.$procmux$769: { $flatten\u_uart.$procmux$753_CMP $auto$opt_reduce.cc:137:opt_pmux$1801 $flatten\u_uart.$procmux$744_CMP $flatten\u_uart.$eq$build/timing-reference/latest/converted.v:372$289_Y $flatten\u_uart.$eq$build/timing-reference/latest/converted.v:373$291_Y }
    New ctrl vector for $pmux cell $flatten\u_master.$procmux$840: { $flatten\u_master.$procmux$826_CMP $auto$opt_reduce.cc:137:opt_pmux$1803 }
    New ctrl vector for $pmux cell $flatten\u_master.$procmux$860: { $flatten\u_master.$procmux$827_CMP $flatten\u_master.$procmux$826_CMP $auto$opt_reduce.cc:137:opt_pmux$1805 }
    New ctrl vector for $pmux cell $flatten\u_master.$procmux$818: { $flatten\u_master.$procmux$828_CMP $flatten\u_master.$procmux$826_CMP $flatten\u_master.$procmux$799_CMP $auto$opt_reduce.cc:137:opt_pmux$1807 }
    New ctrl vector for $pmux cell $flatten\u_uart.\u_uart_rx.$procmux$913: { $flatten\u_uart.\u_uart_rx.$procmux$1008_CMP $auto$opt_reduce.cc:137:opt_pmux$1809 }
    New ctrl vector for $pmux cell $flatten\u_master.$procmux$891: $auto$opt_reduce.cc:137:opt_pmux$1811
  Optimizing cells in module \fpga_uart_demo.
Performed a total of 6 changes.

4.10.5. Executing OPT_MERGE pass (detect identical cells).
Finding identical cells in module `\fpga_uart_demo'.
<suppressed ~3 debug messages>
Removed a total of 1 cells.

4.10.6. Executing OPT_DFF pass (perform DFF optimizations).
Setting constant 1-bit at position 0 on $flatten\u_uart.\u_rx_fifo.$procdff$1768 ($adff) from module fpga_uart_demo.
Setting constant 1-bit at position 1 on $flatten\u_uart.\u_rx_fifo.$procdff$1768 ($adff) from module fpga_uart_demo.
Setting constant 1-bit at position 2 on $flatten\u_uart.\u_rx_fifo.$procdff$1768 ($adff) from module fpga_uart_demo.
Setting constant 1-bit at position 3 on $flatten\u_uart.\u_rx_fifo.$procdff$1768 ($adff) from module fpga_uart_demo.

4.10.7. Executing OPT_CLEAN pass (remove unused cells and wires).
Finding unused cells or wires in module \fpga_uart_demo..
Removed 0 unused cells and 96 unused wires.
<suppressed ~1 debug messages>

4.10.8. Executing OPT_EXPR pass (perform const folding).
Optimizing module fpga_uart_demo.

4.10.9. Rerunning OPT passes. (Maybe there is more to do..)

4.10.10. Executing OPT_MUXTREE pass (detect dead branches in mux trees).
Running muxtree optimizer on module \fpga_uart_demo..
  Creating internal representation of mux trees.
  Evaluating internal representation of mux trees.
  Analyzing evaluation results.
Removed 0 multiplexer ports.
<suppressed ~74 debug messages>

4.10.11. Executing OPT_REDUCE pass (consolidate $*mux and $reduce_* inputs).
  Optimizing cells in module \fpga_uart_demo.
    New ctrl vector for $pmux cell $flatten\u_uart.\u_uart_tx.$procmux$1076: { $flatten\u_uart.\u_uart_tx.$eq$build/timing-reference/latest/converted.v:103$62_Y $auto$opt_reduce.cc:137:opt_pmux$1813 $flatten\u_uart.\u_uart_tx.$procmux$1077_CMP }
  Optimizing cells in module \fpga_uart_demo.
Performed a total of 1 changes.

4.10.12. Executing OPT_MERGE pass (detect identical cells).
Finding identical cells in module `\fpga_uart_demo'.
Removed a total of 0 cells.

4.10.13. Executing OPT_DFF pass (perform DFF optimizations).

4.10.14. Executing OPT_CLEAN pass (remove unused cells and wires).
Finding unused cells or wires in module \fpga_uart_demo..

4.10.15. Executing OPT_EXPR pass (perform const folding).
Optimizing module fpga_uart_demo.

4.10.16. Rerunning OPT passes. (Maybe there is more to do..)

4.10.17. Executing OPT_MUXTREE pass (detect dead branches in mux trees).
Running muxtree optimizer on module \fpga_uart_demo..
  Creating internal representation of mux trees.
  Evaluating internal representation of mux trees.
  Analyzing evaluation results.
Removed 0 multiplexer ports.
<suppressed ~74 debug messages>

4.10.18. Executing OPT_REDUCE pass (consolidate $*mux and $reduce_* inputs).
  Optimizing cells in module \fpga_uart_demo.
Performed a total of 0 changes.

4.10.19. Executing OPT_MERGE pass (detect identical cells).
Finding identical cells in module `\fpga_uart_demo'.
Removed a total of 0 cells.

4.10.20. Executing OPT_DFF pass (perform DFF optimizations).

4.10.21. Executing OPT_CLEAN pass (remove unused cells and wires).
Finding unused cells or wires in module \fpga_uart_demo..

4.10.22. Executing OPT_EXPR pass (perform const folding).
Optimizing module fpga_uart_demo.

4.10.23. Finished OPT passes. (There is nothing left to do.)

4.11. Executing FSM pass (extract and optimize FSM).

4.11.1. Executing FSM_DETECT pass (finding FSMs in design).
Found FSM state register fpga_uart_demo.u_master.operation.
Not marking fpga_uart_demo.u_uart.u_uart_rx.state as FSM state register:
    Users of register don't seem to benefit from recoding.
Not marking fpga_uart_demo.u_uart.u_uart_tx.state as FSM state register:
    Users of register don't seem to benefit from recoding.

4.11.2. Executing FSM_EXTRACT pass (extracting FSM from design).
Extracting FSM `\u_master.operation' from module `\fpga_uart_demo'.
  found $adff cell for state register: $flatten\u_master.$procdff$1521
  root of input selection tree: $flatten\u_master.$0\operation[2:0]
  found reset state: 3'000 (from async reset)
  found ctrl input: \u_master.error
  found ctrl input: \u_master.access_phase
  found ctrl input: \u_uart.PREADY
  found ctrl input: \pslverr
  found ctrl input: $auto$opt_reduce.cc:137:opt_pmux$1807
  found ctrl input: $flatten\u_master.$procmux$799_CMP
  found ctrl input: $flatten\u_master.$procmux$826_CMP
  found ctrl input: $flatten\u_master.$procmux$828_CMP
  found state code: 3'010
  found state code: 3'100
  found ctrl input: $flatten\u_master.$logic_or$build/timing-reference/latest/converted.v:552$246_Y
  found ctrl input: $flatten\u_master.$logic_and$build/timing-reference/latest/converted.v:556$249_Y
  found state code: 3'011
  found state code: 3'001
  found ctrl output: $flatten\u_master.$procmux$828_CMP
  found ctrl output: $flatten\u_master.$procmux$827_CMP
  found ctrl output: $flatten\u_master.$procmux$826_CMP
  found ctrl output: $flatten\u_master.$procmux$819_CMP
  found ctrl output: $flatten\u_master.$procmux$799_CMP
  ctrl inputs: { \u_master.error \u_master.access_phase $flatten\u_master.$logic_or$build/timing-reference/latest/converted.v:552$246_Y $flatten\u_master.$logic_and$build/timing-reference/latest/converted.v:556$249_Y $auto$opt_reduce.cc:137:opt_pmux$1807 \u_uart.PREADY \pslverr }
  ctrl outputs: { $flatten\u_master.$0\operation[2:0] $flatten\u_master.$procmux$799_CMP $flatten\u_master.$procmux$819_CMP $flatten\u_master.$procmux$826_CMP $flatten\u_master.$procmux$827_CMP $flatten\u_master.$procmux$828_CMP }
  transition:      3'000 7'00----- ->      3'000 8'00000001
  transition:      3'000 7'01---0- ->      3'000 8'00000001
  transition:      3'000 7'01---10 ->      3'001 8'00100001
  transition:      3'000 7'01---11 ->      3'000 8'00000001
  transition:      3'000 7'1------ ->      3'000 8'00000001
  transition:      3'100 7'00----- ->      3'100 8'10001000
  transition:      3'100 7'01---0- ->      3'100 8'10001000
  transition:      3'100 7'01---10 ->      3'010 8'01001000
  transition:      3'100 7'01---11 ->      3'100 8'10001000
  transition:      3'100 7'1------ ->      3'100 8'10001000
  transition:      3'010 7'00----- ->      3'010 8'01000100
  transition:      3'010 7'01---0- ->      3'010 8'01000100
  transition:      3'010 7'0100-1- ->      3'010 8'01000100
  transition:      3'010 7'0101-1- ->      3'011 8'01100100
  transition:      3'010 7'011--1- ->      3'010 8'01000100
  transition:      3'010 7'1------ ->      3'010 8'01000100
  transition:      3'001 7'00----- ->      3'001 8'00100010
  transition:      3'001 7'01---0- ->      3'001 8'00100010
  transition:      3'001 7'01---1- ->      3'010 8'01000010
  transition:      3'001 7'1------ ->      3'001 8'00100010
  transition:      3'011 7'00----- ->      3'011 8'01110000
  transition:      3'011 7'01---0- ->      3'011 8'01110000
  transition:      3'011 7'01---10 ->      3'100 8'10010000
  transition:      3'011 7'01---11 ->      3'011 8'01110000
  transition:      3'011 7'1------ ->      3'011 8'01110000

4.11.3. Executing FSM_OPT pass (simple optimizations of FSMs).
Optimizing FSM `$fsm$\u_master.operation$1814' from module `\fpga_uart_demo'.
  Removing unused input signal $auto$opt_reduce.cc:137:opt_pmux$1807.

4.11.4. Executing OPT_CLEAN pass (remove unused cells and wires).
Finding unused cells or wires in module \fpga_uart_demo..
Removed 14 unused cells and 14 unused wires.
<suppressed ~15 debug messages>

4.11.5. Executing FSM_OPT pass (simple optimizations of FSMs).
Optimizing FSM `$fsm$\u_master.operation$1814' from module `\fpga_uart_demo'.
  Removing unused output signal $flatten\u_master.$0\operation[2:0] [0].
  Removing unused output signal $flatten\u_master.$0\operation[2:0] [1].
  Removing unused output signal $flatten\u_master.$0\operation[2:0] [2].

4.11.6. Executing FSM_RECODE pass (re-assigning FSM state encoding).
Recoding FSM `$fsm$\u_master.operation$1814' from module `\fpga_uart_demo' using `auto' encoding:
  mapping auto encoding to `one-hot` for this FSM.
  000 -> ----1
  100 -> ---1-
  010 -> --1--
  001 -> -1---
  011 -> 1----

4.11.7. Executing FSM_INFO pass (dumping all available information on FSM cells).

FSM `$fsm$\u_master.operation$1814' from module `fpga_uart_demo':
-------------------------------------

  Information on FSM $fsm$\u_master.operation$1814 (\u_master.operation):

  Number of input signals:    6
  Number of output signals:   5
  Number of state bits:       5

  Input signals:
    0: \pslverr
    1: \u_uart.PREADY
    2: $flatten\u_master.$logic_and$build/timing-reference/latest/converted.v:556$249_Y
    3: $flatten\u_master.$logic_or$build/timing-reference/latest/converted.v:552$246_Y
    4: \u_master.access_phase
    5: \u_master.error

  Output signals:
    0: $flatten\u_master.$procmux$828_CMP
    1: $flatten\u_master.$procmux$827_CMP
    2: $flatten\u_master.$procmux$826_CMP
    3: $flatten\u_master.$procmux$819_CMP
    4: $flatten\u_master.$procmux$799_CMP

  State encoding:
    0:    5'----1  <RESET STATE>
    1:    5'---1-
    2:    5'--1--
    3:    5'-1---
    4:    5'1----

  Transition Table (state_in, ctrl_in, state_out, ctrl_out):
      0:     0 6'01--11   ->     0 5'00001
      1:     0 6'01--0-   ->     0 5'00001
      2:     0 6'00----   ->     0 5'00001
      3:     0 6'1-----   ->     0 5'00001
      4:     0 6'01--10   ->     3 5'00001
      5:     1 6'01--11   ->     1 5'01000
      6:     1 6'01--0-   ->     1 5'01000
      7:     1 6'00----   ->     1 5'01000
      8:     1 6'1-----   ->     1 5'01000
      9:     1 6'01--10   ->     2 5'01000
     10:     2 6'01--0-   ->     2 5'00100
     11:     2 6'01001-   ->     2 5'00100
     12:     2 6'011-1-   ->     2 5'00100
     13:     2 6'00----   ->     2 5'00100
     14:     2 6'1-----   ->     2 5'00100
     15:     2 6'01011-   ->     4 5'00100
     16:     3 6'01--1-   ->     2 5'00010
     17:     3 6'01--0-   ->     3 5'00010
     18:     3 6'00----   ->     3 5'00010
     19:     3 6'1-----   ->     3 5'00010
     20:     4 6'01--10   ->     1 5'10000
     21:     4 6'01--11   ->     4 5'10000
     22:     4 6'01--0-   ->     4 5'10000
     23:     4 6'00----   ->     4 5'10000
     24:     4 6'1-----   ->     4 5'10000

-------------------------------------

4.11.8. Executing FSM_MAP pass (mapping FSMs to basic logic).
Mapping FSM `$fsm$\u_master.operation$1814' from module `\fpga_uart_demo'.

4.12. Executing OPT pass (performing simple optimizations).

4.12.1. Executing OPT_EXPR pass (perform const folding).
Optimizing module fpga_uart_demo.
<suppressed ~10 debug messages>

4.12.2. Executing OPT_MERGE pass (detect identical cells).
Finding identical cells in module `\fpga_uart_demo'.
<suppressed ~36 debug messages>
Removed a total of 12 cells.

4.12.3. Executing OPT_MUXTREE pass (detect dead branches in mux trees).
Running muxtree optimizer on module \fpga_uart_demo..
  Creating internal representation of mux trees.
  Evaluating internal representation of mux trees.
  Analyzing evaluation results.
Removed 0 multiplexer ports.
<suppressed ~73 debug messages>

4.12.4. Executing OPT_REDUCE pass (consolidate $*mux and $reduce_* inputs).
  Optimizing cells in module \fpga_uart_demo.
Performed a total of 0 changes.

4.12.5. Executing OPT_MERGE pass (detect identical cells).
Finding identical cells in module `\fpga_uart_demo'.
Removed a total of 0 cells.

4.12.6. Executing OPT_DFF pass (perform DFF optimizations).
Adding EN signal on $flatten\u_uart.\u_uart_tx.$procdff$1626 ($adff) from module fpga_uart_demo (D = $flatten\u_uart.\u_uart_tx.$0\bit_idx[2:0], Q = \u_uart.u_uart_tx.bit_idx).
Adding EN signal on $flatten\u_uart.\u_uart_tx.$procdff$1621 ($adff) from module fpga_uart_demo (D = \u_uart.u_uart_tx.fifo_data, Q = \u_uart.u_uart_tx.frame_data).
Adding EN signal on $flatten\u_uart.\u_uart_tx.$procdff$1616 ($adff) from module fpga_uart_demo (D = \u_uart.baud_div, Q = \u_uart.u_uart_tx.frame_div).
Adding EN signal on $flatten\u_uart.\u_uart_tx.$procdff$1611 ($adff) from module fpga_uart_demo (D = $flatten\u_uart.\u_uart_tx.$0\ticks_left[15:0], Q = \u_uart.u_uart_tx.ticks_left).
Adding EN signal on $flatten\u_uart.\u_uart_tx.$procdff$1606 ($adff) from module fpga_uart_demo (D = $flatten\u_uart.\u_uart_tx.$0\state[1:0], Q = \u_uart.u_uart_tx.state).
Adding EN signal on $flatten\u_uart.\u_uart_tx.$procdff$1601 ($adff) from module fpga_uart_demo (D = $flatten\u_uart.\u_uart_tx.$0\tx[0:0], Q = \u_uart.u_uart_tx.tx).
Adding EN signal on $flatten\u_uart.\u_uart_rx.$procdff$1586 ($adff) from module fpga_uart_demo (D = $flatten\u_uart.\u_uart_rx.$3$lookahead\shift_data$80[7:0]$91, Q = \u_uart.u_uart_rx.shift_data).
Adding EN signal on $flatten\u_uart.\u_uart_rx.$procdff$1561 ($adff) from module fpga_uart_demo (D = \u_uart.u_uart_rx.shift_data, Q = \u_uart.u_uart_rx.data).
Adding EN signal on $flatten\u_uart.\u_uart_rx.$procdff$1551 ($adff) from module fpga_uart_demo (D = $flatten\u_uart.\u_uart_rx.$procmux$975_Y, Q = \u_uart.u_uart_rx.bit_idx).
Adding EN signal on $flatten\u_uart.\u_uart_rx.$procdff$1546 ($adff) from module fpga_uart_demo (D = \u_uart.baud_div, Q = \u_uart.u_uart_rx.frame_div).
Adding EN signal on $flatten\u_uart.\u_uart_rx.$procdff$1541 ($adff) from module fpga_uart_demo (D = $flatten\u_uart.\u_uart_rx.$0\ticks_left[15:0], Q = \u_uart.u_uart_rx.ticks_left).
Adding EN signal on $flatten\u_uart.\u_uart_rx.$procdff$1536 ($adff) from module fpga_uart_demo (D = $flatten\u_uart.\u_uart_rx.$0\state[1:0], Q = \u_uart.u_uart_rx.state).
Adding EN signal on $flatten\u_uart.\u_tx_fifo.$procdff$1753 ($dff) from module fpga_uart_demo (D = \u_uart.PWDATA [7:0], Q = \u_uart.u_tx_fifo.mem[15]).
Adding EN signal on $flatten\u_uart.\u_tx_fifo.$procdff$1746 ($dff) from module fpga_uart_demo (D = \u_uart.PWDATA [7:0], Q = \u_uart.u_tx_fifo.mem[14]).
Adding EN signal on $flatten\u_uart.\u_tx_fifo.$procdff$1739 ($dff) from module fpga_uart_demo (D = \u_uart.PWDATA [7:0], Q = \u_uart.u_tx_fifo.mem[13]).
Adding EN signal on $flatten\u_uart.\u_tx_fifo.$procdff$1732 ($dff) from module fpga_uart_demo (D = \u_uart.PWDATA [7:0], Q = \u_uart.u_tx_fifo.mem[12]).
Adding EN signal on $flatten\u_uart.\u_tx_fifo.$procdff$1725 ($dff) from module fpga_uart_demo (D = \u_uart.PWDATA [7:0], Q = \u_uart.u_tx_fifo.mem[11]).
Adding EN signal on $flatten\u_uart.\u_tx_fifo.$procdff$1718 ($dff) from module fpga_uart_demo (D = \u_uart.PWDATA [7:0], Q = \u_uart.u_tx_fifo.mem[10]).
Adding EN signal on $flatten\u_uart.\u_tx_fifo.$procdff$1711 ($dff) from module fpga_uart_demo (D = \u_uart.PWDATA [7:0], Q = \u_uart.u_tx_fifo.mem[9]).
Adding EN signal on $flatten\u_uart.\u_tx_fifo.$procdff$1704 ($dff) from module fpga_uart_demo (D = \u_uart.PWDATA [7:0], Q = \u_uart.u_tx_fifo.mem[8]).
Adding EN signal on $flatten\u_uart.\u_tx_fifo.$procdff$1697 ($dff) from module fpga_uart_demo (D = \u_uart.PWDATA [7:0], Q = \u_uart.u_tx_fifo.mem[7]).
Adding EN signal on $flatten\u_uart.\u_tx_fifo.$procdff$1690 ($dff) from module fpga_uart_demo (D = \u_uart.PWDATA [7:0], Q = \u_uart.u_tx_fifo.mem[6]).
Adding EN signal on $flatten\u_uart.\u_tx_fifo.$procdff$1683 ($dff) from module fpga_uart_demo (D = \u_uart.PWDATA [7:0], Q = \u_uart.u_tx_fifo.mem[5]).
Adding EN signal on $flatten\u_uart.\u_tx_fifo.$procdff$1676 ($dff) from module fpga_uart_demo (D = \u_uart.PWDATA [7:0], Q = \u_uart.u_tx_fifo.mem[4]).
Adding EN signal on $flatten\u_uart.\u_tx_fifo.$procdff$1669 ($dff) from module fpga_uart_demo (D = \u_uart.PWDATA [7:0], Q = \u_uart.u_tx_fifo.mem[3]).
Adding EN signal on $flatten\u_uart.\u_tx_fifo.$procdff$1662 ($dff) from module fpga_uart_demo (D = \u_uart.PWDATA [7:0], Q = \u_uart.u_tx_fifo.mem[2]).
Adding EN signal on $flatten\u_uart.\u_tx_fifo.$procdff$1655 ($dff) from module fpga_uart_demo (D = \u_uart.PWDATA [7:0], Q = \u_uart.u_tx_fifo.mem[1]).
Adding EN signal on $flatten\u_uart.\u_tx_fifo.$procdff$1648 ($dff) from module fpga_uart_demo (D = \u_uart.PWDATA [7:0], Q = \u_uart.u_tx_fifo.mem[0]).
Adding EN signal on $flatten\u_uart.\u_tx_fifo.$procdff$1641 ($adff) from module fpga_uart_demo (D = $flatten\u_uart.\u_tx_fifo.$0\count[4:0], Q = \u_uart.u_tx_fifo.count).
Adding EN signal on $flatten\u_uart.\u_tx_fifo.$procdff$1636 ($adff) from module fpga_uart_demo (D = $flatten\u_uart.\u_tx_fifo.$4\next_ptr$func$build/timing-reference/latest/converted.v:69$181.$result[3:0]$229, Q = \u_uart.u_tx_fifo.rd_ptr).
Adding EN signal on $flatten\u_uart.\u_tx_fifo.$procdff$1631 ($adff) from module fpga_uart_demo (D = $flatten\u_uart.\u_tx_fifo.$4\next_ptr$func$build/timing-reference/latest/converted.v:66$179.$result[3:0]$220, Q = \u_uart.u_tx_fifo.wr_ptr).
Adding EN signal on $flatten\u_uart.\u_rx_fifo.$procdff$1753 ($dff) from module fpga_uart_demo (D = \u_uart.u_uart_rx.data, Q = \u_uart.u_rx_fifo.mem[15]).
Adding EN signal on $flatten\u_uart.\u_rx_fifo.$procdff$1746 ($dff) from module fpga_uart_demo (D = \u_uart.u_uart_rx.data, Q = \u_uart.u_rx_fifo.mem[14]).
Adding EN signal on $flatten\u_uart.\u_rx_fifo.$procdff$1739 ($dff) from module fpga_uart_demo (D = \u_uart.u_uart_rx.data, Q = \u_uart.u_rx_fifo.mem[13]).
Adding EN signal on $flatten\u_uart.\u_rx_fifo.$procdff$1732 ($dff) from module fpga_uart_demo (D = \u_uart.u_uart_rx.data, Q = \u_uart.u_rx_fifo.mem[12]).
Adding EN signal on $flatten\u_uart.\u_rx_fifo.$procdff$1725 ($dff) from module fpga_uart_demo (D = \u_uart.u_uart_rx.data, Q = \u_uart.u_rx_fifo.mem[11]).
Adding EN signal on $flatten\u_uart.\u_rx_fifo.$procdff$1718 ($dff) from module fpga_uart_demo (D = \u_uart.u_uart_rx.data, Q = \u_uart.u_rx_fifo.mem[10]).
Adding EN signal on $flatten\u_uart.\u_rx_fifo.$procdff$1711 ($dff) from module fpga_uart_demo (D = \u_uart.u_uart_rx.data, Q = \u_uart.u_rx_fifo.mem[9]).
Adding EN signal on $flatten\u_uart.\u_rx_fifo.$procdff$1704 ($dff) from module fpga_uart_demo (D = \u_uart.u_uart_rx.data, Q = \u_uart.u_rx_fifo.mem[8]).
Adding EN signal on $flatten\u_uart.\u_rx_fifo.$procdff$1697 ($dff) from module fpga_uart_demo (D = \u_uart.u_uart_rx.data, Q = \u_uart.u_rx_fifo.mem[7]).
Adding EN signal on $flatten\u_uart.\u_rx_fifo.$procdff$1690 ($dff) from module fpga_uart_demo (D = \u_uart.u_uart_rx.data, Q = \u_uart.u_rx_fifo.mem[6]).
Adding EN signal on $flatten\u_uart.\u_rx_fifo.$procdff$1683 ($dff) from module fpga_uart_demo (D = \u_uart.u_uart_rx.data, Q = \u_uart.u_rx_fifo.mem[5]).
Adding EN signal on $flatten\u_uart.\u_rx_fifo.$procdff$1676 ($dff) from module fpga_uart_demo (D = \u_uart.u_uart_rx.data, Q = \u_uart.u_rx_fifo.mem[4]).
Adding EN signal on $flatten\u_uart.\u_rx_fifo.$procdff$1669 ($dff) from module fpga_uart_demo (D = \u_uart.u_uart_rx.data, Q = \u_uart.u_rx_fifo.mem[3]).
Adding EN signal on $flatten\u_uart.\u_rx_fifo.$procdff$1662 ($dff) from module fpga_uart_demo (D = \u_uart.u_uart_rx.data, Q = \u_uart.u_rx_fifo.mem[2]).
Adding EN signal on $flatten\u_uart.\u_rx_fifo.$procdff$1655 ($dff) from module fpga_uart_demo (D = \u_uart.u_uart_rx.data, Q = \u_uart.u_rx_fifo.mem[1]).
Adding EN signal on $flatten\u_uart.\u_rx_fifo.$procdff$1648 ($dff) from module fpga_uart_demo (D = \u_uart.u_uart_rx.data, Q = \u_uart.u_rx_fifo.mem[0]).
Adding EN signal on $flatten\u_uart.\u_rx_fifo.$procdff$1641 ($adff) from module fpga_uart_demo (D = $flatten\u_uart.\u_rx_fifo.$0\count[4:0], Q = \u_uart.u_rx_fifo.count).
Adding EN signal on $flatten\u_uart.\u_rx_fifo.$procdff$1636 ($adff) from module fpga_uart_demo (D = $flatten\u_uart.\u_rx_fifo.$4\next_ptr$func$build/timing-reference/latest/converted.v:69$181.$result[3:0]$229, Q = \u_uart.u_rx_fifo.rd_ptr).
Adding EN signal on $flatten\u_uart.\u_rx_fifo.$procdff$1631 ($adff) from module fpga_uart_demo (D = $flatten\u_uart.\u_rx_fifo.$4\next_ptr$func$build/timing-reference/latest/converted.v:66$179.$result[3:0]$220, Q = \u_uart.u_rx_fifo.wr_ptr).
Adding EN signal on $flatten\u_uart.$procdff$1506 ($adff) from module fpga_uart_demo (D = $flatten\u_uart.$0\setup_seen[0:0], Q = \u_uart.setup_seen).
Adding EN signal on $flatten\u_uart.$procdff$1496 ($adff) from module fpga_uart_demo (D = 1'1, Q = \u_uart.rx_framing_sticky).
Adding EN signal on $flatten\u_uart.$procdff$1491 ($adff) from module fpga_uart_demo (D = 1'1, Q = \u_uart.rx_overflow_sticky).
Adding EN signal on $flatten\u_uart.$procdff$1486 ($adff) from module fpga_uart_demo (D = \u_uart.PWDATA, Q = \u_uart.scratch).
Adding EN signal on $flatten\u_uart.$procdff$1481 ($adff) from module fpga_uart_demo (D = \u_uart.PWDATA [1], Q = \u_uart.rx_enable).
Adding EN signal on $flatten\u_uart.$procdff$1476 ($adff) from module fpga_uart_demo (D = \u_uart.PWDATA [0], Q = \u_uart.tx_enable).
Adding EN signal on $flatten\u_uart.$procdff$1471 ($adff) from module fpga_uart_demo (D = \u_uart.PWDATA [15:0], Q = \u_uart.baud_div).
Adding EN signal on $flatten\u_master.$procdff$1531 ($adff) from module fpga_uart_demo (D = \u_master.prdata [7:0], Q = \u_master.echo_byte).
Adding EN signal on $flatten\u_master.$procdff$1526 ($adff) from module fpga_uart_demo (D = $flatten\u_master.$procmux$813_Y, Q = \u_master.access_phase).
Adding EN signal on $flatten\u_master.$procdff$1511 ($adff) from module fpga_uart_demo (D = $flatten\u_master.$procmux$870_Y, Q = \u_master.ready).

4.12.7. Executing OPT_CLEAN pass (remove unused cells and wires).
Finding unused cells or wires in module \fpga_uart_demo..
Removed 132 unused cells and 157 unused wires.
<suppressed ~133 debug messages>

4.12.8. Executing OPT_EXPR pass (perform const folding).
Optimizing module fpga_uart_demo.
<suppressed ~8 debug messages>

4.12.9. Rerunning OPT passes. (Maybe there is more to do..)

4.12.10. Executing OPT_MUXTREE pass (detect dead branches in mux trees).
Running muxtree optimizer on module \fpga_uart_demo..
  Creating internal representation of mux trees.
  Evaluating internal representation of mux trees.
  Analyzing evaluation results.
Removed 0 multiplexer ports.
<suppressed ~31 debug messages>

4.12.11. Executing OPT_REDUCE pass (consolidate $*mux and $reduce_* inputs).
  Optimizing cells in module \fpga_uart_demo.
    New ctrl vector for $pmux cell $flatten\u_uart.\u_uart_rx.$procmux$913: $flatten\u_uart.\u_uart_rx.$procmux$1008_CMP
  Optimizing cells in module \fpga_uart_demo.
Performed a total of 1 changes.

4.12.12. Executing OPT_MERGE pass (detect identical cells).
Finding identical cells in module `\fpga_uart_demo'.
<suppressed ~39 debug messages>
Removed a total of 13 cells.

4.12.13. Executing OPT_DFF pass (perform DFF optimizations).

4.12.14. Executing OPT_CLEAN pass (remove unused cells and wires).
Finding unused cells or wires in module \fpga_uart_demo..
Removed 0 unused cells and 13 unused wires.
<suppressed ~1 debug messages>

4.12.15. Executing OPT_EXPR pass (perform const folding).
Optimizing module fpga_uart_demo.

4.12.16. Rerunning OPT passes. (Maybe there is more to do..)

4.12.17. Executing OPT_MUXTREE pass (detect dead branches in mux trees).
Running muxtree optimizer on module \fpga_uart_demo..
  Creating internal representation of mux trees.
  Evaluating internal representation of mux trees.
  Analyzing evaluation results.
Removed 0 multiplexer ports.
<suppressed ~31 debug messages>

4.12.18. Executing OPT_REDUCE pass (consolidate $*mux and $reduce_* inputs).
  Optimizing cells in module \fpga_uart_demo.
Performed a total of 0 changes.

4.12.19. Executing OPT_MERGE pass (detect identical cells).
Finding identical cells in module `\fpga_uart_demo'.
Removed a total of 0 cells.

4.12.20. Executing OPT_DFF pass (perform DFF optimizations).

4.12.21. Executing OPT_CLEAN pass (remove unused cells and wires).
Finding unused cells or wires in module \fpga_uart_demo..

4.12.22. Executing OPT_EXPR pass (perform const folding).
Optimizing module fpga_uart_demo.

4.12.23. Finished OPT passes. (There is nothing left to do.)

4.13. Executing WREDUCE pass (reducing word size of cells).
Removed top 1 bits (of 4) from port B of cell fpga_uart_demo.$auto$fsm_map.cc:77:implement_pattern_cache$1876 ($eq).
Removed top 1 bits (of 3) from port B of cell fpga_uart_demo.$auto$fsm_map.cc:77:implement_pattern_cache$1880 ($eq).
Removed top 1 bits (of 4) from port B of cell fpga_uart_demo.$auto$fsm_map.cc:77:implement_pattern_cache$1910 ($eq).
Removed top 1 bits (of 4) from port B of cell fpga_uart_demo.$auto$fsm_map.cc:77:implement_pattern_cache$1893 ($eq).
Removed top 1 bits (of 3) from port B of cell fpga_uart_demo.$auto$fsm_map.cc:77:implement_pattern_cache$1914 ($eq).
Removed top 1 bits (of 5) from port B of cell fpga_uart_demo.$auto$fsm_map.cc:77:implement_pattern_cache$1918 ($eq).
Removed top 1 bits (of 5) from port B of cell fpga_uart_demo.$auto$fsm_map.cc:77:implement_pattern_cache$1872 ($eq).
Removed top 1 bits (of 3) from port B of cell fpga_uart_demo.$auto$opt_dff.cc:195:make_patterns_logic$2175 ($ne).
Removed top 1 bits (of 4) from port B of cell fpga_uart_demo.$flatten\u_uart.\u_rx_fifo.$procmux$1136_CMP0 ($eq).
Removed top 1 bits (of 4) from port B of cell fpga_uart_demo.$flatten\u_uart.\u_rx_fifo.$procmux$1137_CMP0 ($eq).
Removed top 1 bits (of 4) from port B of cell fpga_uart_demo.$flatten\u_uart.\u_rx_fifo.$procmux$1138_CMP0 ($eq).
Removed top 1 bits (of 4) from port B of cell fpga_uart_demo.$flatten\u_uart.\u_rx_fifo.$procmux$1139_CMP0 ($eq).
Removed top 2 bits (of 4) from port B of cell fpga_uart_demo.$flatten\u_uart.\u_rx_fifo.$procmux$1140_CMP0 ($eq).
Removed top 2 bits (of 4) from port B of cell fpga_uart_demo.$flatten\u_uart.\u_rx_fifo.$procmux$1141_CMP0 ($eq).
Removed top 3 bits (of 4) from port B of cell fpga_uart_demo.$flatten\u_uart.\u_rx_fifo.$procmux$1142_CMP0 ($eq).
Removed top 1 bits (of 2) from port B of cell fpga_uart_demo.$flatten\u_uart.\u_rx_fifo.$procmux$1146_CMP0 ($eq).
Removed top 1 bits (of 4) from port B of cell fpga_uart_demo.$flatten\u_uart.\u_rx_fifo.$procmux$1298_CMP0 ($eq).
Removed top 1 bits (of 4) from port B of cell fpga_uart_demo.$flatten\u_uart.\u_rx_fifo.$procmux$1312_CMP0 ($eq).
Removed top 1 bits (of 4) from port B of cell fpga_uart_demo.$flatten\u_uart.\u_rx_fifo.$procmux$1327_CMP0 ($eq).
Removed top 1 bits (of 4) from port B of cell fpga_uart_demo.$flatten\u_uart.\u_rx_fifo.$procmux$1343_CMP0 ($eq).
Removed top 2 bits (of 4) from port B of cell fpga_uart_demo.$flatten\u_uart.\u_rx_fifo.$procmux$1360_CMP0 ($eq).
Removed top 2 bits (of 4) from port B of cell fpga_uart_demo.$flatten\u_uart.\u_rx_fifo.$procmux$1378_CMP0 ($eq).
Removed top 3 bits (of 4) from port B of cell fpga_uart_demo.$flatten\u_uart.\u_rx_fifo.$procmux$1397_CMP0 ($eq).
Removed top 15 bits (of 16) from port B of cell fpga_uart_demo.$flatten\u_uart.\u_uart_rx.$eq$build/timing-reference/latest/converted.v:221$95 ($eq).
Converting cell fpga_uart_demo.$flatten\u_uart.\u_uart_rx.$neg$build/timing-reference/latest/converted.v:0$101 ($neg) from signed to unsigned.
Removed top 1 bits (of 4) from port A of cell fpga_uart_demo.$flatten\u_uart.\u_uart_rx.$neg$build/timing-reference/latest/converted.v:0$101 ($neg).
Removed top 1 bits (of 2) from port B of cell fpga_uart_demo.$flatten\u_uart.\u_uart_rx.$procmux$1015_CMP0 ($eq).
Removed top 15 bits (of 16) from port B of cell fpga_uart_demo.$flatten\u_uart.\u_uart_tx.$eq$build/timing-reference/latest/converted.v:127$68 ($eq).
Removed top 2 bits (of 3) from port B of cell fpga_uart_demo.$flatten\u_uart.\u_uart_tx.$add$build/timing-reference/latest/converted.v:143$73 ($add).
Removed top 1 bits (of 2) from port B of cell fpga_uart_demo.$flatten\u_uart.\u_uart_tx.$procmux$1085_CMP0 ($eq).
Removed top 1 bits (of 4) from port B of cell fpga_uart_demo.$flatten\u_uart.\u_tx_fifo.$procmux$1136_CMP0 ($eq).
Removed top 1 bits (of 4) from port B of cell fpga_uart_demo.$flatten\u_uart.\u_tx_fifo.$procmux$1137_CMP0 ($eq).
Removed top 1 bits (of 4) from port B of cell fpga_uart_demo.$flatten\u_uart.\u_tx_fifo.$procmux$1138_CMP0 ($eq).
Removed top 1 bits (of 4) from port B of cell fpga_uart_demo.$flatten\u_uart.\u_tx_fifo.$procmux$1139_CMP0 ($eq).
Removed top 2 bits (of 4) from port B of cell fpga_uart_demo.$flatten\u_uart.\u_tx_fifo.$procmux$1140_CMP0 ($eq).
Removed top 2 bits (of 4) from port B of cell fpga_uart_demo.$flatten\u_uart.\u_tx_fifo.$procmux$1141_CMP0 ($eq).
Removed top 3 bits (of 4) from port B of cell fpga_uart_demo.$flatten\u_uart.\u_tx_fifo.$procmux$1142_CMP0 ($eq).
Removed top 1 bits (of 2) from port B of cell fpga_uart_demo.$flatten\u_uart.\u_tx_fifo.$procmux$1146_CMP0 ($eq).
Removed top 1 bits (of 2) from port B of cell fpga_uart_demo.$auto$opt_dff.cc:195:make_patterns_logic$1934 ($ne).
Removed top 1 bits (of 4) from port B of cell fpga_uart_demo.$flatten\u_uart.\u_tx_fifo.$procmux$1298_CMP0 ($eq).
Removed top 1 bits (of 4) from port B of cell fpga_uart_demo.$flatten\u_uart.\u_tx_fifo.$procmux$1312_CMP0 ($eq).
Removed top 1 bits (of 4) from port B of cell fpga_uart_demo.$flatten\u_uart.\u_tx_fifo.$procmux$1327_CMP0 ($eq).
Removed top 1 bits (of 4) from port B of cell fpga_uart_demo.$flatten\u_uart.\u_tx_fifo.$procmux$1343_CMP0 ($eq).
Removed top 2 bits (of 4) from port B of cell fpga_uart_demo.$flatten\u_uart.\u_tx_fifo.$procmux$1360_CMP0 ($eq).
Removed top 2 bits (of 4) from port B of cell fpga_uart_demo.$flatten\u_uart.\u_tx_fifo.$procmux$1378_CMP0 ($eq).
Removed top 3 bits (of 4) from port B of cell fpga_uart_demo.$flatten\u_uart.\u_tx_fifo.$procmux$1397_CMP0 ($eq).
Removed top 4 bits (of 5) from port B of cell fpga_uart_demo.$auto$opt_dff.cc:195:make_patterns_logic$2018 ($ne).
Removed top 24 bits (of 32) from mux cell fpga_uart_demo.$flatten\u_uart.$procmux$758 ($mux).
Removed top 29 bits (of 32) from port B of cell fpga_uart_demo.$flatten\u_uart.$procmux$753_CMP0 ($eq).
Removed top 24 bits (of 32) from mux cell fpga_uart_demo.$flatten\u_uart.$procmux$749 ($pmux).
Removed top 28 bits (of 32) from port B of cell fpga_uart_demo.$flatten\u_uart.$procmux$744_CMP0 ($eq).
Removed top 28 bits (of 32) from port B of cell fpga_uart_demo.$flatten\u_uart.$procmux$728_CMP0 ($eq).
Removed top 27 bits (of 32) from port B of cell fpga_uart_demo.$flatten\u_uart.$eq$build/timing-reference/latest/converted.v:373$291 ($eq).
Removed top 27 bits (of 32) from port B of cell fpga_uart_demo.$flatten\u_uart.$eq$build/timing-reference/latest/converted.v:372$289 ($eq).
Removed top 13 bits (of 16) from port B of cell fpga_uart_demo.$flatten\u_uart.$lt$build/timing-reference/latest/converted.v:358$267 ($lt).
Removed top 27 bits (of 32) from mux cell fpga_uart_demo.$flatten\u_master.$procmux$885 ($pmux).
Removed top 23 bits (of 32) from mux cell fpga_uart_demo.$flatten\u_master.$procmux$880 ($pmux).
Removed top 24 bits (of 32) from FF cell fpga_uart_demo.$auto$ff.cc:266:slice$2151 ($adffe).
Removed top 7 bits (of 16) from FF cell fpga_uart_demo.$auto$ff.cc:266:slice$2160 ($adffe).
Removed top 7 bits (of 16) from FF cell fpga_uart_demo.$auto$ff.cc:266:slice$2007 ($adffe).
Removed top 7 bits (of 16) from FF cell fpga_uart_demo.$auto$ff.cc:266:slice$1944 ($adffe).
Removed top 7 bits (of 16) from port A of cell fpga_uart_demo.$flatten\u_uart.$lt$build/timing-reference/latest/converted.v:358$267 ($lt).
Removed top 24 bits (of 32) from wire fpga_uart_demo.$flatten\u_uart.$2\PRDATA[31:0].
Removed top 27 bits (of 32) from wire fpga_uart_demo.paddr.
Removed top 24 bits (of 32) from wire fpga_uart_demo.prdata.
Removed top 23 bits (of 32) from wire fpga_uart_demo.pwdata.

4.14. Executing PEEPOPT pass (run peephole optimizers).

4.15. Executing OPT_CLEAN pass (remove unused cells and wires).
Finding unused cells or wires in module \fpga_uart_demo..
Removed 0 unused cells and 4 unused wires.
<suppressed ~1 debug messages>

4.16. Executing SHARE pass (SAT-based resource sharing).

4.17. Executing TECHMAP pass (map to technology primitives).

4.17.1. Executing Verilog-2005 frontend: build/synthesis-tools/root/usr/bin/../share/yosys/cmp2lut.v
Parsing Verilog input from `build/synthesis-tools/root/usr/bin/../share/yosys/cmp2lut.v' to AST representation.
Generating RTLIL representation for module `\_90_lut_cmp_'.
Successfully finished Verilog frontend.

4.17.2. Continuing TECHMAP pass.
No more expansions possible.
<suppressed ~36 debug messages>

4.18. Executing OPT_EXPR pass (perform const folding).
Optimizing module fpga_uart_demo.
<suppressed ~2 debug messages>

4.19. Executing OPT_CLEAN pass (remove unused cells and wires).
Finding unused cells or wires in module \fpga_uart_demo..
Removed 0 unused cells and 2 unused wires.
<suppressed ~1 debug messages>

4.20. Executing ALUMACC pass (create $alu and $macc cells).
Extracting $alu and $macc cells in module fpga_uart_demo:
  creating $macc model for $flatten\u_uart.$sub$build/timing-reference/latest/converted.v:343$257 ($sub).
  creating $macc model for $flatten\u_uart.\u_rx_fifo.$add$build/timing-reference/latest/converted.v:43$221 ($add).
  creating $macc model for $flatten\u_uart.\u_rx_fifo.$add$build/timing-reference/latest/converted.v:43$231 ($add).
  creating $macc model for $flatten\u_uart.\u_rx_fifo.$add$build/timing-reference/latest/converted.v:71$232 ($add).
  creating $macc model for $flatten\u_uart.\u_rx_fifo.$sub$build/timing-reference/latest/converted.v:72$233 ($sub).
  creating $macc model for $flatten\u_uart.\u_tx_fifo.$add$build/timing-reference/latest/converted.v:43$221 ($add).
  creating $macc model for $flatten\u_uart.\u_tx_fifo.$add$build/timing-reference/latest/converted.v:43$231 ($add).
  creating $macc model for $flatten\u_uart.\u_tx_fifo.$add$build/timing-reference/latest/converted.v:71$232 ($add).
  creating $macc model for $flatten\u_uart.\u_tx_fifo.$sub$build/timing-reference/latest/converted.v:72$233 ($sub).
  creating $macc model for $flatten\u_uart.\u_uart_rx.$add$build/timing-reference/latest/converted.v:239$109 ($add).
  creating $macc model for $flatten\u_uart.\u_uart_rx.$neg$build/timing-reference/latest/converted.v:0$101 ($neg).
  creating $macc model for $flatten\u_uart.\u_uart_rx.$sub$build/timing-reference/latest/converted.v:231$97 ($sub).
  creating $macc model for $flatten\u_uart.\u_uart_tx.$add$build/timing-reference/latest/converted.v:142$72 ($add).
  creating $macc model for $flatten\u_uart.\u_uart_tx.$add$build/timing-reference/latest/converted.v:143$73 ($add).
  creating $macc model for $flatten\u_uart.\u_uart_tx.$sub$build/timing-reference/latest/converted.v:133$69 ($sub).
  creating $alu model for $macc $flatten\u_uart.\u_uart_tx.$sub$build/timing-reference/latest/converted.v:133$69.
  creating $alu model for $macc $flatten\u_uart.\u_uart_tx.$add$build/timing-reference/latest/converted.v:143$73.
  creating $alu model for $macc $flatten\u_uart.\u_uart_tx.$add$build/timing-reference/latest/converted.v:142$72.
  creating $alu model for $macc $flatten\u_uart.\u_uart_rx.$sub$build/timing-reference/latest/converted.v:231$97.
  creating $alu model for $macc $flatten\u_uart.\u_uart_rx.$neg$build/timing-reference/latest/converted.v:0$101.
  creating $alu model for $macc $flatten\u_uart.\u_uart_rx.$add$build/timing-reference/latest/converted.v:239$109.
  creating $alu model for $macc $flatten\u_uart.\u_tx_fifo.$sub$build/timing-reference/latest/converted.v:72$233.
  creating $alu model for $macc $flatten\u_uart.\u_tx_fifo.$add$build/timing-reference/latest/converted.v:71$232.
  creating $alu model for $macc $flatten\u_uart.\u_tx_fifo.$add$build/timing-reference/latest/converted.v:43$231.
  creating $alu model for $macc $flatten\u_uart.\u_tx_fifo.$add$build/timing-reference/latest/converted.v:43$221.
  creating $alu model for $macc $flatten\u_uart.\u_rx_fifo.$sub$build/timing-reference/latest/converted.v:72$233.
  creating $alu model for $macc $flatten\u_uart.\u_rx_fifo.$add$build/timing-reference/latest/converted.v:71$232.
  creating $alu model for $macc $flatten\u_uart.\u_rx_fifo.$add$build/timing-reference/latest/converted.v:43$231.
  creating $alu model for $macc $flatten\u_uart.\u_rx_fifo.$add$build/timing-reference/latest/converted.v:43$221.
  creating $alu model for $macc $flatten\u_uart.$sub$build/timing-reference/latest/converted.v:343$257.
  creating $alu model for $flatten\u_uart.$lt$build/timing-reference/latest/converted.v:358$267 ($lt): new $alu
  creating $alu model for $flatten\u_uart.\u_uart_rx.$eq$build/timing-reference/latest/converted.v:221$95 ($eq): merged with $flatten\u_uart.\u_uart_rx.$sub$build/timing-reference/latest/converted.v:231$97.
  creating $alu model for $flatten\u_uart.\u_uart_tx.$eq$build/timing-reference/latest/converted.v:127$68 ($eq): merged with $flatten\u_uart.\u_uart_tx.$sub$build/timing-reference/latest/converted.v:133$69.
  creating $alu cell for $flatten\u_uart.$lt$build/timing-reference/latest/converted.v:358$267: $auto$alumacc.cc:495:replace_alu$2186
  creating $alu cell for $flatten\u_uart.$sub$build/timing-reference/latest/converted.v:343$257: $auto$alumacc.cc:495:replace_alu$2191
  creating $alu cell for $flatten\u_uart.\u_rx_fifo.$add$build/timing-reference/latest/converted.v:43$221: $auto$alumacc.cc:495:replace_alu$2194
  creating $alu cell for $flatten\u_uart.\u_rx_fifo.$add$build/timing-reference/latest/converted.v:43$231: $auto$alumacc.cc:495:replace_alu$2197
  creating $alu cell for $flatten\u_uart.\u_rx_fifo.$add$build/timing-reference/latest/converted.v:71$232: $auto$alumacc.cc:495:replace_alu$2200
  creating $alu cell for $flatten\u_uart.\u_rx_fifo.$sub$build/timing-reference/latest/converted.v:72$233: $auto$alumacc.cc:495:replace_alu$2203
  creating $alu cell for $flatten\u_uart.\u_tx_fifo.$add$build/timing-reference/latest/converted.v:43$221: $auto$alumacc.cc:495:replace_alu$2206
  creating $alu cell for $flatten\u_uart.\u_tx_fifo.$add$build/timing-reference/latest/converted.v:43$231: $auto$alumacc.cc:495:replace_alu$2209
  creating $alu cell for $flatten\u_uart.\u_tx_fifo.$add$build/timing-reference/latest/converted.v:71$232: $auto$alumacc.cc:495:replace_alu$2212
  creating $alu cell for $flatten\u_uart.\u_tx_fifo.$sub$build/timing-reference/latest/converted.v:72$233: $auto$alumacc.cc:495:replace_alu$2215
  creating $alu cell for $flatten\u_uart.\u_uart_rx.$add$build/timing-reference/latest/converted.v:239$109: $auto$alumacc.cc:495:replace_alu$2218
  creating $alu cell for $flatten\u_uart.\u_uart_rx.$neg$build/timing-reference/latest/converted.v:0$101: $auto$alumacc.cc:495:replace_alu$2221
  creating $alu cell for $flatten\u_uart.\u_uart_rx.$sub$build/timing-reference/latest/converted.v:231$97, $flatten\u_uart.\u_uart_rx.$eq$build/timing-reference/latest/converted.v:221$95: $auto$alumacc.cc:495:replace_alu$2224
  creating $alu cell for $flatten\u_uart.\u_uart_tx.$add$build/timing-reference/latest/converted.v:142$72: $auto$alumacc.cc:495:replace_alu$2229
  creating $alu cell for $flatten\u_uart.\u_uart_tx.$add$build/timing-reference/latest/converted.v:143$73: $auto$alumacc.cc:495:replace_alu$2232
  creating $alu cell for $flatten\u_uart.\u_uart_tx.$sub$build/timing-reference/latest/converted.v:133$69, $flatten\u_uart.\u_uart_tx.$eq$build/timing-reference/latest/converted.v:127$68: $auto$alumacc.cc:495:replace_alu$2235
  created 16 $alu and 0 $macc cells.

4.21. Executing OPT pass (performing simple optimizations).

4.21.1. Executing OPT_EXPR pass (perform const folding).
Optimizing module fpga_uart_demo.

4.21.2. Executing OPT_MERGE pass (detect identical cells).
Finding identical cells in module `\fpga_uart_demo'.
<suppressed ~5 debug messages>
Removed a total of 1 cells.

4.21.3. Executing OPT_MUXTREE pass (detect dead branches in mux trees).
Running muxtree optimizer on module \fpga_uart_demo..
  Creating internal representation of mux trees.
  Evaluating internal representation of mux trees.
  Analyzing evaluation results.
Removed 0 multiplexer ports.
<suppressed ~31 debug messages>

4.21.4. Executing OPT_REDUCE pass (consolidate $*mux and $reduce_* inputs).
  Optimizing cells in module \fpga_uart_demo.
    New input vector for $reduce_and cell $auto$opt_dff.cc:220:make_patterns_logic$1991: { $auto$alumacc.cc:511:replace_alu$2225 $flatten\u_uart.\u_uart_rx.$procmux$1004_CMP \u_uart.u_uart_rx.rx_sync \u_uart.u_uart_rx.enable }
  Optimizing cells in module \fpga_uart_demo.
Performed a total of 1 changes.

4.21.5. Executing OPT_MERGE pass (detect identical cells).
Finding identical cells in module `\fpga_uart_demo'.
Removed a total of 0 cells.

4.21.6. Executing OPT_DFF pass (perform DFF optimizations).

4.21.7. Executing OPT_CLEAN pass (remove unused cells and wires).
Finding unused cells or wires in module \fpga_uart_demo..
Removed 0 unused cells and 6 unused wires.
<suppressed ~1 debug messages>

4.21.8. Executing OPT_EXPR pass (perform const folding).
Optimizing module fpga_uart_demo.

4.21.9. Rerunning OPT passes. (Maybe there is more to do..)

4.21.10. Executing OPT_MUXTREE pass (detect dead branches in mux trees).
Running muxtree optimizer on module \fpga_uart_demo..
  Creating internal representation of mux trees.
  Evaluating internal representation of mux trees.
  Analyzing evaluation results.
Removed 0 multiplexer ports.
<suppressed ~31 debug messages>

4.21.11. Executing OPT_REDUCE pass (consolidate $*mux and $reduce_* inputs).
  Optimizing cells in module \fpga_uart_demo.
Performed a total of 0 changes.

4.21.12. Executing OPT_MERGE pass (detect identical cells).
Finding identical cells in module `\fpga_uart_demo'.
Removed a total of 0 cells.

4.21.13. Executing OPT_DFF pass (perform DFF optimizations).

4.21.14. Executing OPT_CLEAN pass (remove unused cells and wires).
Finding unused cells or wires in module \fpga_uart_demo..

4.21.15. Executing OPT_EXPR pass (perform const folding).
Optimizing module fpga_uart_demo.

4.21.16. Finished OPT passes. (There is nothing left to do.)

4.22. Executing MEMORY pass.

4.22.1. Executing OPT_MEM pass (optimize memories).
Performed a total of 0 transformations.

4.22.2. Executing OPT_MEM_PRIORITY pass (removing unnecessary memory write priority relations).
Performed a total of 0 transformations.

4.22.3. Executing OPT_MEM_FEEDBACK pass (finding memory read-to-write feedback paths).

4.22.4. Executing MEMORY_BMUX2ROM pass (converting muxes to ROMs).

4.22.5. Executing MEMORY_DFF pass (merging $dff cells to $memrd).

4.22.6. Executing OPT_CLEAN pass (remove unused cells and wires).
Finding unused cells or wires in module \fpga_uart_demo..

4.22.7. Executing MEMORY_SHARE pass (consolidating $memrd/$memwr cells).

4.22.8. Executing OPT_MEM_WIDEN pass (optimize memories where all ports are wide).
Performed a total of 0 transformations.

4.22.9. Executing OPT_CLEAN pass (remove unused cells and wires).
Finding unused cells or wires in module \fpga_uart_demo..

4.22.10. Executing MEMORY_COLLECT pass (generating $mem cells).

4.23. Executing OPT_CLEAN pass (remove unused cells and wires).
Finding unused cells or wires in module \fpga_uart_demo..

4.24. Executing MEMORY_LIBMAP pass (mapping memories to cells).

4.25. Executing TECHMAP pass (map to technology primitives).

4.25.1. Executing Verilog-2005 frontend: build/synthesis-tools/root/usr/bin/../share/yosys/ice40/brams_map.v
Parsing Verilog input from `build/synthesis-tools/root/usr/bin/../share/yosys/ice40/brams_map.v' to AST representation.
Generating RTLIL representation for module `\$__ICE40_RAM4K_'.
Successfully finished Verilog frontend.

4.25.2. Executing Verilog-2005 frontend: build/synthesis-tools/root/usr/bin/../share/yosys/ice40/spram_map.v
Parsing Verilog input from `build/synthesis-tools/root/usr/bin/../share/yosys/ice40/spram_map.v' to AST representation.
Generating RTLIL representation for module `\$__ICE40_SPRAM_'.
Successfully finished Verilog frontend.

4.25.3. Continuing TECHMAP pass.
No more expansions possible.
<suppressed ~4 debug messages>

4.26. Executing ICE40_BRAMINIT pass.

4.27. Executing OPT pass (performing simple optimizations).

4.27.1. Executing OPT_EXPR pass (perform const folding).
Optimizing module fpga_uart_demo.
<suppressed ~58 debug messages>

4.27.2. Executing OPT_MERGE pass (detect identical cells).
Finding identical cells in module `\fpga_uart_demo'.
<suppressed ~3 debug messages>
Removed a total of 1 cells.

4.27.3. Executing OPT_DFF pass (perform DFF optimizations).

4.27.4. Executing OPT_CLEAN pass (remove unused cells and wires).
Finding unused cells or wires in module \fpga_uart_demo..
Removed 4 unused cells and 48 unused wires.
<suppressed ~5 debug messages>

4.27.5. Finished fast OPT passes.

4.28. Executing MEMORY_MAP pass (converting memories to logic and flip-flops).

4.29. Executing OPT pass (performing simple optimizations).

4.29.1. Executing OPT_EXPR pass (perform const folding).
Optimizing module fpga_uart_demo.

4.29.2. Executing OPT_MERGE pass (detect identical cells).
Finding identical cells in module `\fpga_uart_demo'.
Removed a total of 0 cells.

4.29.3. Executing OPT_MUXTREE pass (detect dead branches in mux trees).
Running muxtree optimizer on module \fpga_uart_demo..
  Creating internal representation of mux trees.
  Evaluating internal representation of mux trees.
  Analyzing evaluation results.
Removed 0 multiplexer ports.
<suppressed ~29 debug messages>

4.29.4. Executing OPT_REDUCE pass (consolidate $*mux and $reduce_* inputs).
  Optimizing cells in module \fpga_uart_demo.
    New ctrl vector for $pmux cell $flatten\u_master.$procmux$860: \u_master.operation [3]
    Consolidated identical input bits for $pmux cell $flatten\u_master.$procmux$885:
      Old ports: A=5'00100, B=20'01100000001010010000, Y=\paddr
      New ports: A=3'001, B=12'011000101100, Y=\paddr [4:2]
      New connections: \paddr [1:0] = 2'00
    Consolidated identical input bits for $mux cell $flatten\u_uart.\u_rx_fifo.$procmux$1162:
      Old ports: A=2'00, B=2'11, Y=$flatten\u_uart.\u_rx_fifo.$3\next_ptr$func$build/timing-reference/latest/converted.v:69$181._sv2v_jump[1:0]$227
      New ports: A=1'0, B=1'1, Y=$flatten\u_uart.\u_rx_fifo.$3\next_ptr$func$build/timing-reference/latest/converted.v:69$181._sv2v_jump[1:0]$227 [0]
      New connections: $flatten\u_uart.\u_rx_fifo.$3\next_ptr$func$build/timing-reference/latest/converted.v:69$181._sv2v_jump[1:0]$227 [1] = $flatten\u_uart.\u_rx_fifo.$3\next_ptr$func$build/timing-reference/latest/converted.v:69$181._sv2v_jump[1:0]$227 [0]
    Consolidated identical input bits for $mux cell $flatten\u_uart.\u_rx_fifo.$procmux$1195:
      Old ports: A=2'00, B=2'11, Y=$flatten\u_uart.\u_rx_fifo.$3\next_ptr$func$build/timing-reference/latest/converted.v:66$179._sv2v_jump[1:0]$216
      New ports: A=1'0, B=1'1, Y=$flatten\u_uart.\u_rx_fifo.$3\next_ptr$func$build/timing-reference/latest/converted.v:66$179._sv2v_jump[1:0]$216 [0]
      New connections: $flatten\u_uart.\u_rx_fifo.$3\next_ptr$func$build/timing-reference/latest/converted.v:66$179._sv2v_jump[1:0]$216 [1] = $flatten\u_uart.\u_rx_fifo.$3\next_ptr$func$build/timing-reference/latest/converted.v:66$179._sv2v_jump[1:0]$216 [0]
    Consolidated identical input bits for $mux cell $flatten\u_uart.\u_tx_fifo.$procmux$1162:
      Old ports: A=2'00, B=2'11, Y=$flatten\u_uart.\u_tx_fifo.$3\next_ptr$func$build/timing-reference/latest/converted.v:69$181._sv2v_jump[1:0]$227
      New ports: A=1'0, B=1'1, Y=$flatten\u_uart.\u_tx_fifo.$3\next_ptr$func$build/timing-reference/latest/converted.v:69$181._sv2v_jump[1:0]$227 [0]
      New connections: $flatten\u_uart.\u_tx_fifo.$3\next_ptr$func$build/timing-reference/latest/converted.v:69$181._sv2v_jump[1:0]$227 [1] = $flatten\u_uart.\u_tx_fifo.$3\next_ptr$func$build/timing-reference/latest/converted.v:69$181._sv2v_jump[1:0]$227 [0]
    Consolidated identical input bits for $mux cell $flatten\u_uart.\u_tx_fifo.$procmux$1195:
      Old ports: A=2'00, B=2'11, Y=$flatten\u_uart.\u_tx_fifo.$3\next_ptr$func$build/timing-reference/latest/converted.v:66$179._sv2v_jump[1:0]$216
      New ports: A=1'0, B=1'1, Y=$flatten\u_uart.\u_tx_fifo.$3\next_ptr$func$build/timing-reference/latest/converted.v:66$179._sv2v_jump[1:0]$216 [0]
      New connections: $flatten\u_uart.\u_tx_fifo.$3\next_ptr$func$build/timing-reference/latest/converted.v:66$179._sv2v_jump[1:0]$216 [1] = $flatten\u_uart.\u_tx_fifo.$3\next_ptr$func$build/timing-reference/latest/converted.v:66$179._sv2v_jump[1:0]$216 [0]
    New ctrl vector for $pmux cell $flatten\u_uart.\u_uart_rx.$procmux$1003: { $auto$opt_reduce.cc:137:opt_pmux$2265 $flatten\u_uart.\u_uart_rx.$procmux$1004_CMP }
    Consolidated identical input bits for $mux cell $flatten\u_uart.\u_uart_rx.$procmux$1036:
      Old ports: A=2'10, B=2'00, Y=$flatten\u_uart.\u_uart_rx.$procmux$1036_Y
      New ports: A=1'1, B=1'0, Y=$flatten\u_uart.\u_uart_rx.$procmux$1036_Y [1]
      New connections: $flatten\u_uart.\u_uart_rx.$procmux$1036_Y [0] = 1'0
    New ctrl vector for $pmux cell $flatten\u_uart.\u_uart_rx.$procmux$975: $flatten\u_uart.\u_uart_rx.$procmux$1008_CMP
  Optimizing cells in module \fpga_uart_demo.
Performed a total of 9 changes.

4.29.5. Executing OPT_MERGE pass (detect identical cells).
Finding identical cells in module `\fpga_uart_demo'.
<suppressed ~3 debug messages>
Removed a total of 1 cells.

4.29.6. Executing OPT_DFF pass (perform DFF optimizations).

4.29.7. Executing OPT_CLEAN pass (remove unused cells and wires).
Finding unused cells or wires in module \fpga_uart_demo..
Removed 0 unused cells and 1 unused wires.
<suppressed ~1 debug messages>

4.29.8. Executing OPT_EXPR pass (perform const folding).
Optimizing module fpga_uart_demo.
<suppressed ~1 debug messages>

4.29.9. Rerunning OPT passes. (Maybe there is more to do..)

4.29.10. Executing OPT_MUXTREE pass (detect dead branches in mux trees).
Running muxtree optimizer on module \fpga_uart_demo..
  Creating internal representation of mux trees.
  Evaluating internal representation of mux trees.
  Analyzing evaluation results.
Removed 0 multiplexer ports.
<suppressed ~30 debug messages>

4.29.11. Executing OPT_REDUCE pass (consolidate $*mux and $reduce_* inputs).
  Optimizing cells in module \fpga_uart_demo.
Performed a total of 0 changes.

4.29.12. Executing OPT_MERGE pass (detect identical cells).
Finding identical cells in module `\fpga_uart_demo'.
Removed a total of 0 cells.

4.29.13. Executing OPT_DFF pass (perform DFF optimizations).

4.29.14. Executing OPT_CLEAN pass (remove unused cells and wires).
Finding unused cells or wires in module \fpga_uart_demo..

4.29.15. Executing OPT_EXPR pass (perform const folding).
Optimizing module fpga_uart_demo.

4.29.16. Finished OPT passes. (There is nothing left to do.)

4.30. Executing ICE40_WRAPCARRY pass (wrap carries).

4.31. Executing TECHMAP pass (map to technology primitives).

4.31.1. Executing Verilog-2005 frontend: build/synthesis-tools/root/usr/bin/../share/yosys/techmap.v
Parsing Verilog input from `build/synthesis-tools/root/usr/bin/../share/yosys/techmap.v' to AST representation.
Generating RTLIL representation for module `\_90_simplemap_bool_ops'.
Generating RTLIL representation for module `\_90_simplemap_reduce_ops'.
Generating RTLIL representation for module `\_90_simplemap_logic_ops'.
Generating RTLIL representation for module `\_90_simplemap_compare_ops'.
Generating RTLIL representation for module `\_90_simplemap_various'.
Generating RTLIL representation for module `\_90_simplemap_registers'.
Generating RTLIL representation for module `\_90_shift_ops_shr_shl_sshl_sshr'.
Generating RTLIL representation for module `\_90_shift_shiftx'.
Generating RTLIL representation for module `\_90_fa'.
Generating RTLIL representation for module `\_90_lcu_brent_kung'.
Generating RTLIL representation for module `\_90_alu'.
Generating RTLIL representation for module `\_90_macc'.
Generating RTLIL representation for module `\_90_alumacc'.
Generating RTLIL representation for module `\$__div_mod_u'.
Generating RTLIL representation for module `\$__div_mod_trunc'.
Generating RTLIL representation for module `\_90_div'.
Generating RTLIL representation for module `\_90_mod'.
Generating RTLIL representation for module `\$__div_mod_floor'.
Generating RTLIL representation for module `\_90_divfloor'.
Generating RTLIL representation for module `\_90_modfloor'.
Generating RTLIL representation for module `\_90_pow'.
Generating RTLIL representation for module `\_90_pmux'.
Generating RTLIL representation for module `\_90_demux'.
Generating RTLIL representation for module `\_90_lut'.
Successfully finished Verilog frontend.

4.31.2. Executing Verilog-2005 frontend: build/synthesis-tools/root/usr/bin/../share/yosys/ice40/arith_map.v
Parsing Verilog input from `build/synthesis-tools/root/usr/bin/../share/yosys/ice40/arith_map.v' to AST representation.
Generating RTLIL representation for module `\_80_ice40_alu'.
Successfully finished Verilog frontend.

4.31.3. Continuing TECHMAP pass.
Using extmapper simplemap for cells of type $adff.
Using extmapper simplemap for cells of type $ne.
Using extmapper simplemap for cells of type $eq.
Using extmapper simplemap for cells of type $and.
Using extmapper simplemap for cells of type $reduce_bool.
Using extmapper simplemap for cells of type $logic_not.
Using extmapper simplemap for cells of type $reduce_or.
Using extmapper simplemap for cells of type $reduce_and.
Using extmapper simplemap for cells of type $not.
Using template $paramod$200cf4763a5dd97104da97c2740bc6396db7fa25\_90_pmux for cells of type $pmux.
Using template $paramod$10ed987432f06055e5279101f9ec60a49861b43c\_80_ice40_alu for cells of type $alu.
Using extmapper simplemap for cells of type $mux.
Using extmapper simplemap for cells of type $logic_and.
Using template $paramod$32a7b7b86c07519b7537abc18e96f0331f97914d\_80_ice40_alu for cells of type $alu.
Using template $paramod$672a140277c71df8314410f22acc08d55222c3c7\_80_ice40_alu for cells of type $alu.
Using template $paramod$dc04b7d98e503a7bab16fce2df70e6e2c5ca34d6\_80_ice40_alu for cells of type $alu.
Using template $paramod$75a16668b548c3bac59647e2f0c7dad55b2b94b9\_90_pmux for cells of type $pmux.
Using extmapper simplemap for cells of type $adffe.
Using extmapper simplemap for cells of type $dffe.
Using template $paramod$3ef7d3dd227da7627a99c5e5a6a4deb817573e39\_80_ice40_alu for cells of type $alu.
Using template $paramod$a1665ef28c749ebcdbe9aecd466e644647b56463\_80_ice40_alu for cells of type $alu.
Using template $paramod$025d767fc934a3e7d59a671de523743ebaa07759\_80_ice40_alu for cells of type $alu.
Using template $paramod$constmap:82d13b1faa4b21cb1487e5b4ddefba1164cb15a1$paramod$40ccfd5a7f1418017a9af25543d0c43a198b5946\_90_shift_shiftx for cells of type $shift.
Analyzing pattern of constant bits for this cell:
Creating constmapped module `$paramod$constmap:9d7c541a436e2c9bb59914d3a53cc61c099f37b0$paramod$40ccfd5a7f1418017a9af25543d0c43a198b5946\_90_shift_shiftx'.

4.31.27. Executing OPT_MUXTREE pass (detect dead branches in mux trees).
Running muxtree optimizer on module $paramod$constmap:9d7c541a436e2c9bb59914d3a53cc61c099f37b0$paramod$40ccfd5a7f1418017a9af25543d0c43a198b5946\_90_shift_shiftx..
  Creating internal representation of mux trees.
  Evaluating internal representation of mux trees.
  Analyzing evaluation results.
    dead port 2/2 on $mux $procmux$3402.
    dead port 2/2 on $mux $procmux$3396.
    dead port 2/2 on $mux $procmux$3390.
Removed 3 multiplexer ports.
<suppressed ~508 debug messages>

4.31.28. Executing OPT_EXPR pass (perform const folding).
Optimizing module $paramod$constmap:9d7c541a436e2c9bb59914d3a53cc61c099f37b0$paramod$40ccfd5a7f1418017a9af25543d0c43a198b5946\_90_shift_shiftx.
<suppressed ~2 debug messages>
Removed 0 unused cells and 9 unused wires.
Using template $paramod$constmap:9d7c541a436e2c9bb59914d3a53cc61c099f37b0$paramod$40ccfd5a7f1418017a9af25543d0c43a198b5946\_90_shift_shiftx for cells of type $shift.
Using extmapper simplemap for cells of type $or.
Using template $paramod$0d149ffe75563ef6fcc1a3dddc59d00af28651a7\_90_pmux for cells of type $pmux.
Using template $paramod$97565c3687be688407d1272a293bd9d0ae6852dc\_90_pmux for cells of type $pmux.
Using template $paramod$constmap:ee5af906ae0d3d414c6a0471604c553ef70c8e09$paramod$92adee9538f2381d8e5006822c900eb986d754e8\_90_shift_shiftx for cells of type $shiftx.
Using template $paramod$d629d85c8826a74239b9178d1930215a43b0ceb0\_90_pmux for cells of type $pmux.
Using template $paramod$2407ada40cc3dda6c6015be2b49b748cddb5a800\_90_pmux for cells of type $pmux.
Using template $paramod$f42569e367821ad1b7d52f2d157a44ce80c766dc\_90_pmux for cells of type $pmux.
Using extmapper simplemap for cells of type $logic_or.
Using template $paramod$fc972a7a46956c1788f3cb5257b53c8f1df2d0cc\_90_alu for cells of type $alu.
Using template $paramod$d31bf4d7d72e59528d18fbd4f322e9d608532043\_90_pmux for cells of type $pmux.
Using template $paramod$c5c783b17ab1d780abfad8cfe6563a0a7b47a3b0\_90_pmux for cells of type $pmux.
Using extmapper simplemap for cells of type $pos.
Using extmapper simplemap for cells of type $xor.
Using template $paramod\_90_lcu_brent_kung\WIDTH=32'00000000000000000000000000000001 for cells of type $lcu.
No more expansions possible.
<suppressed ~889 debug messages>

4.32. Executing OPT pass (performing simple optimizations).

4.32.1. Executing OPT_EXPR pass (perform const folding).
Optimizing module fpga_uart_demo.
<suppressed ~899 debug messages>

4.32.2. Executing OPT_MERGE pass (detect identical cells).
Finding identical cells in module `\fpga_uart_demo'.
<suppressed ~1050 debug messages>
Removed a total of 350 cells.

4.32.3. Executing OPT_DFF pass (perform DFF optimizations).

4.32.4. Executing OPT_CLEAN pass (remove unused cells and wires).
Finding unused cells or wires in module \fpga_uart_demo..
Removed 34 unused cells and 1310 unused wires.
<suppressed ~38 debug messages>

4.32.5. Finished fast OPT passes.

4.33. Executing ICE40_OPT pass (performing simple optimizations).

4.33.1. Running ICE40 specific optimizations.
Optimized $__ICE40_CARRY_WRAPPER cell back to logic (without SB_CARRY) fpga_uart_demo.$auto$alumacc.cc:495:replace_alu$2186.slice[0].carry: CO=\pwdata [2]
Optimized $__ICE40_CARRY_WRAPPER cell back to logic (without SB_CARRY) fpga_uart_demo.$auto$alumacc.cc:495:replace_alu$2194.slice[0].carry: CO=\u_uart.u_rx_fifo.wr_ptr [0]
Optimized $__ICE40_CARRY_WRAPPER cell back to logic (without SB_CARRY) fpga_uart_demo.$auto$alumacc.cc:495:replace_alu$2197.slice[0].carry: CO=\u_uart.u_rx_fifo.rd_ptr [0]
Optimized $__ICE40_CARRY_WRAPPER cell back to logic (without SB_CARRY) fpga_uart_demo.$auto$alumacc.cc:495:replace_alu$2200.slice[0].carry: CO=\u_uart.u_rx_fifo.count [0]
Optimized $__ICE40_CARRY_WRAPPER cell back to logic (without SB_CARRY) fpga_uart_demo.$auto$alumacc.cc:495:replace_alu$2203.slice[0].carry: CO=\u_uart.u_rx_fifo.count [0]
Optimized $__ICE40_CARRY_WRAPPER cell back to logic (without SB_CARRY) fpga_uart_demo.$auto$alumacc.cc:495:replace_alu$2206.slice[0].carry: CO=\u_uart.u_tx_fifo.wr_ptr [0]
Optimized $__ICE40_CARRY_WRAPPER cell back to logic (without SB_CARRY) fpga_uart_demo.$auto$alumacc.cc:495:replace_alu$2209.slice[0].carry: CO=\u_uart.u_tx_fifo.rd_ptr [0]
Optimized $__ICE40_CARRY_WRAPPER cell back to logic (without SB_CARRY) fpga_uart_demo.$auto$alumacc.cc:495:replace_alu$2212.slice[0].carry: CO=\u_uart.u_tx_fifo.count [0]
Optimized $__ICE40_CARRY_WRAPPER cell back to logic (without SB_CARRY) fpga_uart_demo.$auto$alumacc.cc:495:replace_alu$2215.slice[0].carry: CO=\u_uart.u_tx_fifo.count [0]
Optimized $__ICE40_CARRY_WRAPPER cell back to logic (without SB_CARRY) fpga_uart_demo.$auto$alumacc.cc:495:replace_alu$2218.slice[0].carry: CO=\u_uart.u_uart_rx.bit_idx [0]
Optimized $__ICE40_CARRY_WRAPPER cell back to logic (without SB_CARRY) fpga_uart_demo.$auto$alumacc.cc:495:replace_alu$2221.slice[0].carry: CO=$auto$alumacc.cc:495:replace_alu$2218.X [0]
Optimized $__ICE40_CARRY_WRAPPER cell back to logic (without SB_CARRY) fpga_uart_demo.$auto$alumacc.cc:495:replace_alu$2221.slice[3].carry: CO=$auto$alumacc.cc:495:replace_alu$2221.C [3]
Optimized $__ICE40_CARRY_WRAPPER cell back to logic (without SB_CARRY) fpga_uart_demo.$auto$alumacc.cc:495:replace_alu$2224.slice[0].carry: CO=\u_uart.u_uart_rx.ticks_left [0]
Optimized $__ICE40_CARRY_WRAPPER cell back to logic (without SB_CARRY) fpga_uart_demo.$auto$alumacc.cc:495:replace_alu$2229.slice[0].carry: CO=\u_uart.u_uart_tx.bit_idx [0]
Optimized $__ICE40_CARRY_WRAPPER cell back to logic (without SB_CARRY) fpga_uart_demo.$auto$alumacc.cc:495:replace_alu$2235.slice[0].carry: CO=\u_uart.u_uart_tx.ticks_left [0]

4.33.2. Executing OPT_EXPR pass (perform const folding).
Optimizing module fpga_uart_demo.

4.33.3. Executing OPT_MERGE pass (detect identical cells).
Finding identical cells in module `\fpga_uart_demo'.
Removed a total of 0 cells.

4.33.4. Executing OPT_DFF pass (perform DFF optimizations).

4.33.5. Executing OPT_CLEAN pass (remove unused cells and wires).
Finding unused cells or wires in module \fpga_uart_demo..
Removed 1 unused cells and 1 unused wires.
<suppressed ~2 debug messages>

4.33.6. Rerunning OPT passes. (Removed registers in this run.)

4.33.7. Running ICE40 specific optimizations.

4.33.8. Executing OPT_EXPR pass (perform const folding).
Optimizing module fpga_uart_demo.

4.33.9. Executing OPT_MERGE pass (detect identical cells).
Finding identical cells in module `\fpga_uart_demo'.
Removed a total of 0 cells.

4.33.10. Executing OPT_DFF pass (perform DFF optimizations).

4.33.11. Executing OPT_CLEAN pass (remove unused cells and wires).
Finding unused cells or wires in module \fpga_uart_demo..

4.33.12. Finished OPT passes. (There is nothing left to do.)

4.34. Executing DFFLEGALIZE pass (convert FFs to types supported by the target).

4.35. Executing TECHMAP pass (map to technology primitives).

4.35.1. Executing Verilog-2005 frontend: build/synthesis-tools/root/usr/bin/../share/yosys/ice40/ff_map.v
Parsing Verilog input from `build/synthesis-tools/root/usr/bin/../share/yosys/ice40/ff_map.v' to AST representation.
Generating RTLIL representation for module `\$_DFF_N_'.
Generating RTLIL representation for module `\$_DFF_P_'.
Generating RTLIL representation for module `\$_DFFE_NP_'.
Generating RTLIL representation for module `\$_DFFE_PP_'.
Generating RTLIL representation for module `\$_DFF_NP0_'.
Generating RTLIL representation for module `\$_DFF_NP1_'.
Generating RTLIL representation for module `\$_DFF_PP0_'.
Generating RTLIL representation for module `\$_DFF_PP1_'.
Generating RTLIL representation for module `\$_DFFE_NP0P_'.
Generating RTLIL representation for module `\$_DFFE_NP1P_'.
Generating RTLIL representation for module `\$_DFFE_PP0P_'.
Generating RTLIL representation for module `\$_DFFE_PP1P_'.
Generating RTLIL representation for module `\$_SDFF_NP0_'.
Generating RTLIL representation for module `\$_SDFF_NP1_'.
Generating RTLIL representation for module `\$_SDFF_PP0_'.
Generating RTLIL representation for module `\$_SDFF_PP1_'.
Generating RTLIL representation for module `\$_SDFFCE_NP0P_'.
Generating RTLIL representation for module `\$_SDFFCE_NP1P_'.
Generating RTLIL representation for module `\$_SDFFCE_PP0P_'.
Generating RTLIL representation for module `\$_SDFFCE_PP1P_'.
Successfully finished Verilog frontend.

4.35.2. Continuing TECHMAP pass.
Using template \$_DFFE_PP_ for cells of type $_DFFE_PP_.
Using template \$_DFFE_PP0P_ for cells of type $_DFFE_PP0P_.
Using template \$_DFFE_PP1P_ for cells of type $_DFFE_PP1P_.
Using template \$_DFF_PP0_ for cells of type $_DFF_PP0_.
Using template \$_DFF_PP1_ for cells of type $_DFF_PP1_.
No more expansions possible.
<suppressed ~435 debug messages>

4.36. Executing OPT_EXPR pass (perform const folding).
Optimizing module fpga_uart_demo.

4.37. Executing SIMPLEMAP pass (map simple cells to gate primitives).
Mapping fpga_uart_demo.$auto$alumacc.cc:495:replace_alu$2194.slice[0].carry ($lut).
Mapping fpga_uart_demo.$auto$alumacc.cc:495:replace_alu$2197.slice[0].carry ($lut).
Mapping fpga_uart_demo.$auto$alumacc.cc:495:replace_alu$2200.slice[0].carry ($lut).
Mapping fpga_uart_demo.$auto$alumacc.cc:495:replace_alu$2203.slice[0].carry ($lut).
Mapping fpga_uart_demo.$auto$alumacc.cc:495:replace_alu$2206.slice[0].carry ($lut).
Mapping fpga_uart_demo.$auto$alumacc.cc:495:replace_alu$2209.slice[0].carry ($lut).
Mapping fpga_uart_demo.$auto$alumacc.cc:495:replace_alu$2212.slice[0].carry ($lut).
Mapping fpga_uart_demo.$auto$alumacc.cc:495:replace_alu$2215.slice[0].carry ($lut).
Mapping fpga_uart_demo.$auto$alumacc.cc:495:replace_alu$2218.slice[0].carry ($lut).
Mapping fpga_uart_demo.$auto$alumacc.cc:495:replace_alu$2221.slice[0].carry ($lut).
Mapping fpga_uart_demo.$auto$alumacc.cc:495:replace_alu$2221.slice[3].carry ($lut).
Mapping fpga_uart_demo.$auto$alumacc.cc:495:replace_alu$2224.slice[0].carry ($lut).
Mapping fpga_uart_demo.$auto$alumacc.cc:495:replace_alu$2229.slice[0].carry ($lut).
Mapping fpga_uart_demo.$auto$alumacc.cc:495:replace_alu$2235.slice[0].carry ($lut).

4.38. Executing ICE40_OPT pass (performing simple optimizations).

4.38.1. Running ICE40 specific optimizations.

4.38.2. Executing OPT_EXPR pass (perform const folding).
Optimizing module fpga_uart_demo.
<suppressed ~325 debug messages>

4.38.3. Executing OPT_MERGE pass (detect identical cells).
Finding identical cells in module `\fpga_uart_demo'.
<suppressed ~507 debug messages>
Removed a total of 169 cells.

4.38.4. Executing OPT_DFF pass (perform DFF optimizations).

4.38.5. Executing OPT_CLEAN pass (remove unused cells and wires).
Finding unused cells or wires in module \fpga_uart_demo..
Removed 0 unused cells and 2424 unused wires.
<suppressed ~1 debug messages>

4.38.6. Rerunning OPT passes. (Removed registers in this run.)

4.38.7. Running ICE40 specific optimizations.

4.38.8. Executing OPT_EXPR pass (perform const folding).
Optimizing module fpga_uart_demo.
<suppressed ~2 debug messages>

4.38.9. Executing OPT_MERGE pass (detect identical cells).
Finding identical cells in module `\fpga_uart_demo'.
Removed a total of 0 cells.

4.38.10. Executing OPT_DFF pass (perform DFF optimizations).

4.38.11. Executing OPT_CLEAN pass (remove unused cells and wires).
Finding unused cells or wires in module \fpga_uart_demo..

4.38.12. Rerunning OPT passes. (Removed registers in this run.)

4.38.13. Running ICE40 specific optimizations.

4.38.14. Executing OPT_EXPR pass (perform const folding).
Optimizing module fpga_uart_demo.

4.38.15. Executing OPT_MERGE pass (detect identical cells).
Finding identical cells in module `\fpga_uart_demo'.
Removed a total of 0 cells.

4.38.16. Executing OPT_DFF pass (perform DFF optimizations).

4.38.17. Executing OPT_CLEAN pass (remove unused cells and wires).
Finding unused cells or wires in module \fpga_uart_demo..

4.38.18. Finished OPT passes. (There is nothing left to do.)

4.39. Executing TECHMAP pass (map to technology primitives).

4.39.1. Executing Verilog-2005 frontend: build/synthesis-tools/root/usr/bin/../share/yosys/ice40/latches_map.v
Parsing Verilog input from `build/synthesis-tools/root/usr/bin/../share/yosys/ice40/latches_map.v' to AST representation.
Generating RTLIL representation for module `\$_DLATCH_N_'.
Generating RTLIL representation for module `\$_DLATCH_P_'.
Successfully finished Verilog frontend.

4.39.2. Continuing TECHMAP pass.
No more expansions possible.
<suppressed ~4 debug messages>

4.40. Executing Verilog-2005 frontend: build/synthesis-tools/root/usr/bin/../share/yosys/ice40/abc9_model.v
Parsing Verilog input from `build/synthesis-tools/root/usr/bin/../share/yosys/ice40/abc9_model.v' to AST representation.
Generating RTLIL representation for module `$__ICE40_CARRY_WRAPPER'.
Successfully finished Verilog frontend.

4.41. Executing ABC9 pass.

4.41.1. Executing ABC9_OPS pass (helper functions for ABC9).

4.41.2. Executing ABC9_OPS pass (helper functions for ABC9).

4.41.3. Executing SCC pass (detecting logic loops).
Found 0 SCCs in module fpga_uart_demo.
Found 0 SCCs.

4.41.4. Executing ABC9_OPS pass (helper functions for ABC9).

4.41.5. Executing PROC pass (convert processes to netlists).

4.41.5.1. Executing PROC_CLEAN pass (remove empty switches from decision trees).
Cleaned up 0 empty switches.

4.41.5.2. Executing PROC_RMDEAD pass (remove dead branches from decision trees).
Removed a total of 0 dead cases.

4.41.5.3. Executing PROC_PRUNE pass (remove redundant assignments in processes).
Removed 0 redundant assignments.
Promoted 0 assignments to connections.

4.41.5.4. Executing PROC_INIT pass (extract init attributes).

4.41.5.5. Executing PROC_ARST pass (detect async resets in processes).

4.41.5.6. Executing PROC_ROM pass (convert switches to ROMs).
Converted 0 switches.

4.41.5.7. Executing PROC_MUX pass (convert decision trees to multiplexers).

4.41.5.8. Executing PROC_DLATCH pass (convert process syncs to latches).

4.41.5.9. Executing PROC_DFF pass (convert process syncs to FFs).

4.41.5.10. Executing PROC_MEMWR pass (convert process memory writes to cells).

4.41.5.11. Executing PROC_CLEAN pass (remove empty switches from decision trees).
Cleaned up 0 empty switches.

4.41.5.12. Executing OPT_EXPR pass (perform const folding).

4.41.6. Executing TECHMAP pass (map to technology primitives).

4.41.6.1. Executing Verilog-2005 frontend: build/synthesis-tools/root/usr/bin/../share/yosys/techmap.v
Parsing Verilog input from `build/synthesis-tools/root/usr/bin/../share/yosys/techmap.v' to AST representation.
Generating RTLIL representation for module `\_90_simplemap_bool_ops'.
Generating RTLIL representation for module `\_90_simplemap_reduce_ops'.
Generating RTLIL representation for module `\_90_simplemap_logic_ops'.
Generating RTLIL representation for module `\_90_simplemap_compare_ops'.
Generating RTLIL representation for module `\_90_simplemap_various'.
Generating RTLIL representation for module `\_90_simplemap_registers'.
Generating RTLIL representation for module `\_90_shift_ops_shr_shl_sshl_sshr'.
Generating RTLIL representation for module `\_90_shift_shiftx'.
Generating RTLIL representation for module `\_90_fa'.
Generating RTLIL representation for module `\_90_lcu_brent_kung'.
Generating RTLIL representation for module `\_90_alu'.
Generating RTLIL representation for module `\_90_macc'.
Generating RTLIL representation for module `\_90_alumacc'.
Generating RTLIL representation for module `\$__div_mod_u'.
Generating RTLIL representation for module `\$__div_mod_trunc'.
Generating RTLIL representation for module `\_90_div'.
Generating RTLIL representation for module `\_90_mod'.
Generating RTLIL representation for module `\$__div_mod_floor'.
Generating RTLIL representation for module `\_90_divfloor'.
Generating RTLIL representation for module `\_90_modfloor'.
Generating RTLIL representation for module `\_90_pow'.
Generating RTLIL representation for module `\_90_pmux'.
Generating RTLIL representation for module `\_90_demux'.
Generating RTLIL representation for module `\_90_lut'.
Successfully finished Verilog frontend.

4.41.6.2. Continuing TECHMAP pass.
No more expansions possible.
<suppressed ~132 debug messages>

4.41.7. Executing OPT pass (performing simple optimizations).

4.41.7.1. Executing OPT_EXPR pass (perform const folding).
Optimizing module SB_DFFR.
Optimizing module SB_DFFER.
Optimizing module SB_DFFS.
Optimizing module SB_DFFES.

4.41.7.2. Executing OPT_MERGE pass (detect identical cells).
Finding identical cells in module `\SB_DFFR'.
Finding identical cells in module `\SB_DFFER'.
Finding identical cells in module `\SB_DFFS'.
Finding identical cells in module `\SB_DFFES'.
Removed a total of 0 cells.

4.41.7.3. Executing OPT_MUXTREE pass (detect dead branches in mux trees).
Running muxtree optimizer on module \SB_DFFR..
  Creating internal representation of mux trees.
  No muxes found in this module.
Running muxtree optimizer on module \SB_DFFER..
  Creating internal representation of mux trees.
  No muxes found in this module.
Running muxtree optimizer on module \SB_DFFS..
  Creating internal representation of mux trees.
  No muxes found in this module.
Running muxtree optimizer on module \SB_DFFES..
  Creating internal representation of mux trees.
  No muxes found in this module.
Removed 0 multiplexer ports.

4.41.7.4. Executing OPT_REDUCE pass (consolidate $*mux and $reduce_* inputs).
  Optimizing cells in module \SB_DFFR.
  Optimizing cells in module \SB_DFFER.
  Optimizing cells in module \SB_DFFS.
  Optimizing cells in module \SB_DFFES.
Performed a total of 0 changes.

4.41.7.5. Executing OPT_MERGE pass (detect identical cells).
Finding identical cells in module `\SB_DFFR'.
Finding identical cells in module `\SB_DFFER'.
Finding identical cells in module `\SB_DFFS'.
Finding identical cells in module `\SB_DFFES'.
Removed a total of 0 cells.

4.41.7.6. Executing OPT_DFF pass (perform DFF optimizations).

4.41.7.7. Executing OPT_CLEAN pass (remove unused cells and wires).
Finding unused cells or wires in module \SB_DFFR..
Finding unused cells or wires in module \SB_DFFER..
Finding unused cells or wires in module \SB_DFFS..
Finding unused cells or wires in module \SB_DFFES..

4.41.7.8. Executing OPT_EXPR pass (perform const folding).
Optimizing module SB_DFFER.
Optimizing module SB_DFFES.
Optimizing module SB_DFFR.
Optimizing module SB_DFFS.

4.41.7.9. Finished OPT passes. (There is nothing left to do.)

4.41.8. Executing TECHMAP pass (map to technology primitives).

4.41.8.1. Executing Verilog-2005 frontend: build/synthesis-tools/root/usr/bin/../share/yosys/abc9_map.v
Parsing Verilog input from `build/synthesis-tools/root/usr/bin/../share/yosys/abc9_map.v' to AST representation.
Successfully finished Verilog frontend.

4.41.8.2. Continuing TECHMAP pass.
Using template SB_DFFER for cells of type SB_DFFER.
Using template SB_DFFR for cells of type SB_DFFR.
Using template SB_DFFES for cells of type SB_DFFES.
Using template SB_DFFS for cells of type SB_DFFS.
No more expansions possible.
<suppressed ~163 debug messages>

4.41.9. Executing Verilog-2005 frontend: build/synthesis-tools/root/usr/bin/../share/yosys/abc9_model.v
Parsing Verilog input from `build/synthesis-tools/root/usr/bin/../share/yosys/abc9_model.v' to AST representation.
Generating RTLIL representation for module `$__ABC9_DELAY'.
Generating RTLIL representation for module `$__ABC9_SCC_BREAKER'.
Generating RTLIL representation for module `$__DFF_N__$abc9_flop'.
Generating RTLIL representation for module `$__DFF_P__$abc9_flop'.
Successfully finished Verilog frontend.

4.41.10. Executing ABC9_OPS pass (helper functions for ABC9).
<suppressed ~258 debug messages>

4.41.11. Executing ABC9_OPS pass (helper functions for ABC9).

4.41.12. Executing ABC9_OPS pass (helper functions for ABC9).
<suppressed ~2 debug messages>

4.41.13. Executing TECHMAP pass (map to technology primitives).

4.41.13.1. Executing Verilog-2005 frontend: build/synthesis-tools/root/usr/bin/../share/yosys/techmap.v
Parsing Verilog input from `build/synthesis-tools/root/usr/bin/../share/yosys/techmap.v' to AST representation.
Generating RTLIL representation for module `\_90_simplemap_bool_ops'.
Generating RTLIL representation for module `\_90_simplemap_reduce_ops'.
Generating RTLIL representation for module `\_90_simplemap_logic_ops'.
Generating RTLIL representation for module `\_90_simplemap_compare_ops'.
Generating RTLIL representation for module `\_90_simplemap_various'.
Generating RTLIL representation for module `\_90_simplemap_registers'.
Generating RTLIL representation for module `\_90_shift_ops_shr_shl_sshl_sshr'.
Generating RTLIL representation for module `\_90_shift_shiftx'.
Generating RTLIL representation for module `\_90_fa'.
Generating RTLIL representation for module `\_90_lcu_brent_kung'.
Generating RTLIL representation for module `\_90_alu'.
Generating RTLIL representation for module `\_90_macc'.
Generating RTLIL representation for module `\_90_alumacc'.
Generating RTLIL representation for module `\$__div_mod_u'.
Generating RTLIL representation for module `\$__div_mod_trunc'.
Generating RTLIL representation for module `\_90_div'.
Generating RTLIL representation for module `\_90_mod'.
Generating RTLIL representation for module `\$__div_mod_floor'.
Generating RTLIL representation for module `\_90_divfloor'.
Generating RTLIL representation for module `\_90_modfloor'.
Generating RTLIL representation for module `\_90_pow'.
Generating RTLIL representation for module `\_90_pmux'.
Generating RTLIL representation for module `\_90_demux'.
Generating RTLIL representation for module `\_90_lut'.
Successfully finished Verilog frontend.

4.41.13.2. Continuing TECHMAP pass.
Using template $paramod$__ICE40_CARRY_WRAPPER\LUT=16'0110100110010110\I3_IS_CI=1'1 for cells of type $paramod$__ICE40_CARRY_WRAPPER\LUT=16'0110100110010110\I3_IS_CI=1'1.
Using template SB_CARRY for cells of type SB_CARRY.
Using template $paramod\SB_LUT4\LUT_INIT=16'0110100110010110 for cells of type SB_LUT4.
Using extmapper simplemap for cells of type $logic_or.
Using extmapper simplemap for cells of type $logic_and.
Using extmapper simplemap for cells of type $mux.
No more expansions possible.
<suppressed ~152 debug messages>

4.41.14. Executing OPT pass (performing simple optimizations).

4.41.14.1. Executing OPT_EXPR pass (perform const folding).
Optimizing module fpga_uart_demo.
<suppressed ~4 debug messages>

4.41.14.2. Executing OPT_MERGE pass (detect identical cells).
Finding identical cells in module `\fpga_uart_demo'.
<suppressed ~29 debug messages>
Removed a total of 12 cells.

4.41.14.3. Executing OPT_MUXTREE pass (detect dead branches in mux trees).
Running muxtree optimizer on module \fpga_uart_demo..
  Creating internal representation of mux trees.
  No muxes found in this module.
Removed 0 multiplexer ports.

4.41.14.4. Executing OPT_REDUCE pass (consolidate $*mux and $reduce_* inputs).
  Optimizing cells in module \fpga_uart_demo.
Performed a total of 0 changes.

4.41.14.5. Executing OPT_MERGE pass (detect identical cells).
Finding identical cells in module `\fpga_uart_demo'.
Removed a total of 0 cells.

4.41.14.6. Executing OPT_DFF pass (perform DFF optimizations).

4.41.14.7. Executing OPT_CLEAN pass (remove unused cells and wires).
Finding unused cells or wires in module \fpga_uart_demo..
Removed 0 unused cells and 24 unused wires.
<suppressed ~1 debug messages>

4.41.14.8. Executing OPT_EXPR pass (perform const folding).
Optimizing module fpga_uart_demo.

4.41.14.9. Rerunning OPT passes. (Maybe there is more to do..)

4.41.14.10. Executing OPT_MUXTREE pass (detect dead branches in mux trees).
Running muxtree optimizer on module \fpga_uart_demo..
  Creating internal representation of mux trees.
  No muxes found in this module.
Removed 0 multiplexer ports.

4.41.14.11. Executing OPT_REDUCE pass (consolidate $*mux and $reduce_* inputs).
  Optimizing cells in module \fpga_uart_demo.
Performed a total of 0 changes.

4.41.14.12. Executing OPT_MERGE pass (detect identical cells).
Finding identical cells in module `\fpga_uart_demo'.
Removed a total of 0 cells.

4.41.14.13. Executing OPT_DFF pass (perform DFF optimizations).

4.41.14.14. Executing OPT_CLEAN pass (remove unused cells and wires).
Finding unused cells or wires in module \fpga_uart_demo..

4.41.14.15. Executing OPT_EXPR pass (perform const folding).
Optimizing module fpga_uart_demo.

4.41.14.16. Finished OPT passes. (There is nothing left to do.)

4.41.15. Executing AIGMAP pass (map logic to AIG).
Module fpga_uart_demo: replaced 7 cells with 43 new cells, skipped 11 cells.
  replaced 2 cell types:
       2 $_OR_
       5 $_MUX_
  not replaced 3 cell types:
       8 $specify2
       1 $_NOT_
       2 $_AND_

4.41.16. Executing AIGMAP pass (map logic to AIG).
Module fpga_uart_demo: replaced 699 cells with 3144 new cells, skipped 1755 cells.
  replaced 2 cell types:
     583 $_OR_
     116 $_MUX_
  not replaced 14 cell types:
       6 $scopeinfo
     199 $_NOT_
     654 $_AND_
     256 SB_DFFE
      10 SB_DFFR
     141 SB_DFFER
       2 SB_DFFES
       4 SB_DFFS
       4 SB_DFFS_$abc9_byp
       2 SB_DFFES_$abc9_byp
     141 SB_DFFER_$abc9_byp
     256 $paramod$__ABC9_DELAY\DELAY=32'00000000000000000000000000010101
      10 SB_DFFR_$abc9_byp
      70 $paramod$__ICE40_CARRY_WRAPPER\LUT=16'0110100110010110\I3_IS_CI=1'1

4.41.16.1. Executing ABC9_OPS pass (helper functions for ABC9).

4.41.16.2. Executing ABC9_OPS pass (helper functions for ABC9).

4.41.16.3. Executing XAIGER backend.
<suppressed ~424 debug messages>
Extracted 1585 AND gates and 5041 wires from module `fpga_uart_demo' to a netlist network with 416 inputs and 452 outputs.

4.41.16.4. Executing ABC9_EXE pass (technology mapping using ABC9).

4.41.16.5. Executing ABC9.
Running ABC command: "<yosys-exe-dir>/yosys-abc" -s -f <abc-temp-dir>/abc.script 2>&1
ABC: ABC command line: "source <abc-temp-dir>/abc.script".
ABC: 
ABC: + read_lut <abc-temp-dir>/input.lut 
ABC: + read_box <abc-temp-dir>/input.box 
ABC: + &read <abc-temp-dir>/input.xaig 
ABC: + &ps 
ABC: <abc-temp-dir>/input : i/o =    416/    452  and =    1491  lev =   24 (1.75)  mem = 0.05 MB  box = 483  bb = 413
ABC: Warning: AIG with boxes has internal fanout in 0 complex flops and 141 carries.
ABC: + &scorr 
ABC: Warning: The network is combinational.
ABC: + &sweep 
ABC: + &dc2 
ABC: + &dch -f 
ABC: + &ps 
ABC: <abc-temp-dir>/input : i/o =    416/    452  and =    1647  lev =   16 (0.95)  mem = 0.06 MB  ch =  129  box = 475  bb = 405
ABC: cst =       0  cls =    109  lit =     129  unused =    2370  proof =     0
ABC: Warning: AIG with boxes has internal fanout in 0 complex flops and 141 carries.
ABC: + &if -W 250 -v 
ABC: K = 4. Memory (bytes): Truth =    0. Cut =   52. Obj =  136. Set =  564. CutMin = no
ABC: Node =    1647.  Ch =   109.  Total mem =    0.57 MB. Peak cut mem =    0.05 MB.
ABC: P:  Del = 6055.00.  Ar =     610.0.  Edge =     2169.  Cut =     8998.  T =     0.00 sec
ABC: P:  Del = 6055.00.  Ar =     561.0.  Edge =     2072.  Cut =     8820.  T =     0.00 sec
ABC: P:  Del = 5992.00.  Ar =     516.0.  Edge =     1759.  Cut =     9107.  T =     0.00 sec
ABC: F:  Del = 5985.00.  Ar =     479.0.  Edge =     1686.  Cut =     8015.  T =     0.00 sec
ABC: A:  Del = 5985.00.  Ar =     460.0.  Edge =     1606.  Cut =     7938.  T =     0.00 sec
ABC: A:  Del = 5985.00.  Ar =     459.0.  Edge =     1605.  Cut =     7952.  T =     0.00 sec
ABC: Total time =     0.01 sec
ABC: + &write -n <abc-temp-dir>/output.aig 
ABC: + &mfs 
ABC: + &ps -l 
ABC: <abc-temp-dir>/input : i/o =    416/    452  and =    1172  lev =   15 (0.97)  mem = 0.05 MB  box = 469  bb = 405
ABC: Mapping (K=4)  :  lut =    453  edge =    1556  lev =    8 (0.60)  Boxes are not in a topological order. Switching to level computation without boxes.
ABC: levB =   15  mem = 0.02 MB
ABC: LUT = 453 : 2=74 16.3 %  3=108 23.8 %  4=271 59.8 %  Ave = 3.43
ABC: Warning: AIG with boxes has internal fanout in 0 complex flops and 141 carries.
ABC: + &write -n <abc-temp-dir>/output.aig 
ABC: + time 
ABC: elapse: 0.08 seconds, total: 0.08 seconds

4.41.16.6. Executing AIGER frontend.
<suppressed ~1762 debug messages>
Removed 1353 unused cells and 3704 unused wires.

4.41.16.7. Executing ABC9_OPS pass (helper functions for ABC9).
ABC RESULTS:              $lut cells:      466
ABC RESULTS:   \SB_DFFS_$abc9_byp cells:        4
ABC RESULTS:   \SB_DFFES_$abc9_byp cells:        2
ABC RESULTS:   \SB_DFFER_$abc9_byp cells:      133
ABC RESULTS:   \SB_DFFR_$abc9_byp cells:       10
ABC RESULTS:   $paramod$__ICE40_CARRY_WRAPPER\LUT=16'0110100110010110\I3_IS_CI=1'1 cells:       64
ABC RESULTS:           input signals:      192
ABC RESULTS:          output signals:      350
Removing temp directory.

4.41.17. Executing TECHMAP pass (map to technology primitives).

4.41.17.1. Executing Verilog-2005 frontend: build/synthesis-tools/root/usr/bin/../share/yosys/abc9_unmap.v
Parsing Verilog input from `build/synthesis-tools/root/usr/bin/../share/yosys/abc9_unmap.v' to AST representation.
Generating RTLIL representation for module `\$__DFF_x__$abc9_flop'.
Generating RTLIL representation for module `\$__ABC9_SCC_BREAKER'.
Successfully finished Verilog frontend.

4.41.17.2. Continuing TECHMAP pass.
Using template SB_DFFER_$abc9_byp for cells of type SB_DFFER_$abc9_byp.
Using template $paramod$__ICE40_CARRY_WRAPPER\LUT=16'0110100110010110\I3_IS_CI=1'1 for cells of type $paramod$__ICE40_CARRY_WRAPPER\LUT=16'0110100110010110\I3_IS_CI=1'1.
Using template SB_DFFES_$abc9_byp for cells of type SB_DFFES_$abc9_byp.
Using template SB_DFFR_$abc9_byp for cells of type SB_DFFR_$abc9_byp.
Using template SB_DFFS_$abc9_byp for cells of type SB_DFFS_$abc9_byp.
No more expansions possible.
<suppressed ~223 debug messages>

4.42. Executing ICE40_WRAPCARRY pass (wrap carries).

4.43. Executing TECHMAP pass (map to technology primitives).

4.43.1. Executing Verilog-2005 frontend: build/synthesis-tools/root/usr/bin/../share/yosys/ice40/ff_map.v
Parsing Verilog input from `build/synthesis-tools/root/usr/bin/../share/yosys/ice40/ff_map.v' to AST representation.
Generating RTLIL representation for module `\$_DFF_N_'.
Generating RTLIL representation for module `\$_DFF_P_'.
Generating RTLIL representation for module `\$_DFFE_NP_'.
Generating RTLIL representation for module `\$_DFFE_PP_'.
Generating RTLIL representation for module `\$_DFF_NP0_'.
Generating RTLIL representation for module `\$_DFF_NP1_'.
Generating RTLIL representation for module `\$_DFF_PP0_'.
Generating RTLIL representation for module `\$_DFF_PP1_'.
Generating RTLIL representation for module `\$_DFFE_NP0P_'.
Generating RTLIL representation for module `\$_DFFE_NP1P_'.
Generating RTLIL representation for module `\$_DFFE_PP0P_'.
Generating RTLIL representation for module `\$_DFFE_PP1P_'.
Generating RTLIL representation for module `\$_SDFF_NP0_'.
Generating RTLIL representation for module `\$_SDFF_NP1_'.
Generating RTLIL representation for module `\$_SDFF_PP0_'.
Generating RTLIL representation for module `\$_SDFF_PP1_'.
Generating RTLIL representation for module `\$_SDFFCE_NP0P_'.
Generating RTLIL representation for module `\$_SDFFCE_NP1P_'.
Generating RTLIL representation for module `\$_SDFFCE_PP0P_'.
Generating RTLIL representation for module `\$_SDFFCE_PP1P_'.
Successfully finished Verilog frontend.

4.43.2. Continuing TECHMAP pass.
No more expansions possible.
<suppressed ~22 debug messages>
Removed 40 unused cells and 7162 unused wires.

4.44. Executing OPT_LUT pass (optimize LUTs).
Discovering LUTs.
Number of LUTs:      527
  1-LUT               13
  2-LUT               86
  3-LUT              157
  4-LUT              271
  with \SB_CARRY    (#0)   49
  with \SB_CARRY    (#1)   51

Eliminating LUTs.
Number of LUTs:      527
  1-LUT               13
  2-LUT               86
  3-LUT              157
  4-LUT              271
  with \SB_CARRY    (#0)   49
  with \SB_CARRY    (#1)   51

Combining LUTs.
Number of LUTs:      518
  1-LUT               13
  2-LUT               76
  3-LUT              150
  4-LUT              279
  with \SB_CARRY    (#0)   49
  with \SB_CARRY    (#1)   51

Eliminated 0 LUTs.
Combined 9 LUTs.
<suppressed ~3220 debug messages>

4.45. Executing TECHMAP pass (map to technology primitives).

4.45.1. Executing Verilog-2005 frontend: build/synthesis-tools/root/usr/bin/../share/yosys/ice40/cells_map.v
Parsing Verilog input from `build/synthesis-tools/root/usr/bin/../share/yosys/ice40/cells_map.v' to AST representation.
Generating RTLIL representation for module `\$lut'.
Successfully finished Verilog frontend.

4.45.2. Continuing TECHMAP pass.
Using template $paramod$fd904e9e35cfd343a9df248824bd3f1408724879\$lut for cells of type $lut.
Using template $paramod\$lut\WIDTH=32'00000000000000000000000000000010\LUT=4'1000 for cells of type $lut.
Using template $paramod$658b9ed803f0d3d335616d3858b53e0a2522f1e8\$lut for cells of type $lut.
Using template $paramod$6e238df02989b317f10820a22773676e71120644\$lut for cells of type $lut.
Using template $paramod$571404c0889eaf57f492cb5e37f8acb5df5852f9\$lut for cells of type $lut.
Using template $paramod$52fa1b2073b9054923f466bbb768e0ea7c69c9e3\$lut for cells of type $lut.
Using template $paramod\$lut\WIDTH=32'00000000000000000000000000000011\LUT=8'00100000 for cells of type $lut.
Using template $paramod$30305e55a780880b9c824fe3509a4d981acb0f2b\$lut for cells of type $lut.
Using template $paramod$c28a8b7ce0535d090c4cfb52e9c74affd52b110c\$lut for cells of type $lut.
Using template $paramod$873c285bdccf0ac2b60d2304ea5cd14bf211d2a6\$lut for cells of type $lut.
Using template $paramod$8e44661def013b6bf9fe6f8b049ef2c838d749f9\$lut for cells of type $lut.
Using template $paramod$6d6beead1425af15cf78b27fd9b11b41b5d4bce8\$lut for cells of type $lut.
Using template $paramod$47a8214374025465e226fa66bee690ff33268a25\$lut for cells of type $lut.
Using template $paramod$101238f3d8d49ab12a9b49a2f01cd503b26e9c61\$lut for cells of type $lut.
Using template $paramod$179512a187da069f3b79ef6612a41e494e7d54b6\$lut for cells of type $lut.
Using template $paramod$364c9ffbffac467d60dfec81bba4e18476c15602\$lut for cells of type $lut.
Using template $paramod$f8f63b209b7230e81958663ff24fef1613156af7\$lut for cells of type $lut.
Using template $paramod$5e9374f44a27c3f8a1c38af244ec43ceb4fb8d4f\$lut for cells of type $lut.
Using template $paramod$272652f6c6fbe9a75eff76e45cc7e2788835518b\$lut for cells of type $lut.
Using template $paramod$f9813472aa48e533b3838c6f2316dc2e78c66111\$lut for cells of type $lut.
Using template $paramod$a5516fc31d1e552de2435200bb732b4d4ad63a9c\$lut for cells of type $lut.
Using template $paramod$e51a8a571bee774247b38f52d6e85fd62ae52cea\$lut for cells of type $lut.
Using template $paramod$d6ca727e39f31d51d29072e0f33aa09c65e37336\$lut for cells of type $lut.
Using template $paramod\$lut\WIDTH=32'00000000000000000000000000000011\LUT=8'10000000 for cells of type $lut.
Using template $paramod\$lut\WIDTH=32'00000000000000000000000000000010\LUT=4'0100 for cells of type $lut.
Using template $paramod$92e85407afe4deea7d21f8df970bd67adaa57e19\$lut for cells of type $lut.
Using template $paramod\$lut\WIDTH=32'00000000000000000000000000000011\LUT=8'00000001 for cells of type $lut.
Using template $paramod\$lut\WIDTH=32'00000000000000000000000000000011\LUT=8'00101010 for cells of type $lut.
Using template $paramod\$lut\WIDTH=32'00000000000000000000000000000011\LUT=8'00010000 for cells of type $lut.
Using template $paramod\$lut\WIDTH=32'00000000000000000000000000000011\LUT=8'10100010 for cells of type $lut.
Using template $paramod$82b4a585d1edcb5c6e755dc9bd3392228a1c1304\$lut for cells of type $lut.
Using template $paramod\$lut\WIDTH=32'00000000000000000000000000000010\LUT=4'0010 for cells of type $lut.
Using template $paramod$eb764785a67ae0903625e17df40813438d0457e8\$lut for cells of type $lut.
Using template $paramod$f610396a8c1614f373f4d73e3d1e988bc93e396c\$lut for cells of type $lut.
Using template $paramod\$lut\WIDTH=32'00000000000000000000000000000011\LUT=8'10101100 for cells of type $lut.
Using template $paramod$6de442abe246ff8c0692702d40d84ce1c07479d9\$lut for cells of type $lut.
Using template $paramod\$lut\WIDTH=32'00000000000000000000000000000010\LUT=4'0001 for cells of type $lut.
Using template $paramod$ba07846b1e706d3eb2010a528b0f0417e3645924\$lut for cells of type $lut.
Using template $paramod\$lut\WIDTH=32'00000000000000000000000000000001\LUT=2'01 for cells of type $lut.
Using template $paramod\$lut\WIDTH=32'00000000000000000000000000000011\LUT=8'01000000 for cells of type $lut.
Using template $paramod\$lut\WIDTH=32'00000000000000000000000000000011\LUT=8'11001010 for cells of type $lut.
Using template $paramod$5766b753e513aa2393ffc25ef94ebc79dc098484\$lut for cells of type $lut.
Using template $paramod$20235ca863361fbc253329cfc7eeea38c77404dc\$lut for cells of type $lut.
Using template $paramod\$lut\WIDTH=32'00000000000000000000000000000011\LUT=8'11101100 for cells of type $lut.
Using template $paramod\$lut\WIDTH=32'00000000000000000000000000000010\LUT=4'0110 for cells of type $lut.
Using template $paramod$846831d383f447039dd18ae3b010c11a230ca39b\$lut for cells of type $lut.
Using template $paramod$77205e0d6bfac2262d6a3e5c356c1db2bb31f45e\$lut for cells of type $lut.
Using template $paramod\$lut\WIDTH=32'00000000000000000000000000000010\LUT=4'1101 for cells of type $lut.
Using template $paramod\$lut\WIDTH=32'00000000000000000000000000000011\LUT=8'10001101 for cells of type $lut.
Using template $paramod\$lut\WIDTH=32'00000000000000000000000000000011\LUT=8'01110000 for cells of type $lut.
Using template $paramod\$lut\WIDTH=32'00000000000000000000000000000011\LUT=8'00010011 for cells of type $lut.
Using template $paramod\$lut\WIDTH=32'00000000000000000000000000000011\LUT=8'10001011 for cells of type $lut.
Using template $paramod$6c51c1ba6c39f0c09b896d52432b366f116bd3c1\$lut for cells of type $lut.
Using template $paramod$161491d8314cab9d5d32db4aa31f31f4ef4f6dc6\$lut for cells of type $lut.
Using template $paramod\$lut\WIDTH=32'00000000000000000000000000000011\LUT=8'10011010 for cells of type $lut.
Using template $paramod$98ef81b564dbcfa7e96a781191c979a78caecf60\$lut for cells of type $lut.
Using template $paramod\$lut\WIDTH=32'00000000000000000000000000000011\LUT=8'10100110 for cells of type $lut.
Using template $paramod$bba54c1ef87367812b4c15f4aed5ac70773df775\$lut for cells of type $lut.
Using template $paramod$66caeb00a39d236782a97659e3bd99621b74681b\$lut for cells of type $lut.
Using template $paramod\$lut\WIDTH=32'00000000000000000000000000000011\LUT=8'00001000 for cells of type $lut.
Using template $paramod\$lut\WIDTH=32'00000000000000000000000000000010\LUT=4'1110 for cells of type $lut.
Using template $paramod\$lut\WIDTH=32'00000000000000000000000000000011\LUT=8'01001100 for cells of type $lut.
Using template $paramod\$lut\WIDTH=32'00000000000000000000000000000011\LUT=8'00000110 for cells of type $lut.
Using template $paramod\$lut\WIDTH=32'00000000000000000000000000000011\LUT=8'11100100 for cells of type $lut.
Using template $paramod$2ec6422db00d358fc7469efce6208bffbc8521cd\$lut for cells of type $lut.
Using template $paramod\$lut\WIDTH=32'00000000000000000000000000000011\LUT=8'00000100 for cells of type $lut.
Using template $paramod\$lut\WIDTH=32'00000000000000000000000000000011\LUT=8'00001011 for cells of type $lut.
Using template $paramod$d6fad69df4b6793100fda03bb83504fe9b335c70\$lut for cells of type $lut.
Using template $paramod$76be5a5900f80a135961ac09b0cf70ec8308af2c\$lut for cells of type $lut.
Using template $paramod\$lut\WIDTH=32'00000000000000000000000000000011\LUT=8'11100000 for cells of type $lut.
Using template $paramod$8bb166fd629c8a07817031e8169d2a1d4ad22103\$lut for cells of type $lut.
Using template $paramod\$lut\WIDTH=32'00000000000000000000000000000011\LUT=8'00000010 for cells of type $lut.
Using template $paramod\$lut\WIDTH=32'00000000000000000000000000000011\LUT=8'11111000 for cells of type $lut.
Using template $paramod$5dc745bb48e2cf535179547ba13f0fe5364d6d54\$lut for cells of type $lut.
Using template $paramod\$lut\WIDTH=32'00000000000000000000000000000010\LUT=4'0111 for cells of type $lut.
Using template $paramod$9ea238b3c4036add2bd96e5aaac8768e1ad77c5a\$lut for cells of type $lut.
Using template $paramod$a238bb199d4b53d4c976c9e68dafcfe86b19f40f\$lut for cells of type $lut.
Using template $paramod\$lut\WIDTH=32'00000000000000000000000000000011\LUT=8'10101000 for cells of type $lut.
Using template $paramod\$lut\WIDTH=32'00000000000000000000000000000011\LUT=8'10110000 for cells of type $lut.
Using template $paramod$211e8382dad75ccbcbc33c4234d03a77d9ed74f1\$lut for cells of type $lut.
Using template $paramod$8a1a380f3fe040c11298439b53abec72cc90b6cd\$lut for cells of type $lut.
Using template $paramod$6a3d1b4c6389888034ca851571f0d03f46d1c4e9\$lut for cells of type $lut.
Using template $paramod$4cab3b31c601551ff65536bf4f533afa0b2094ee\$lut for cells of type $lut.
Using template $paramod$f65cf6380214e831938c4f25f730307ae86218f7\$lut for cells of type $lut.
Using template $paramod$a4640096cbef09c4ef8613155a589c40164ac034\$lut for cells of type $lut.
Using template $paramod$509383819812d331dca6b49338d0f34aecd1e133\$lut for cells of type $lut.
Using template $paramod$e85b6eba0dacefc5f73f8748159b8b9599212afc\$lut for cells of type $lut.
Using template $paramod$7ccb46ee9b56c39e0a7d82a185b08cb026e04fbc\$lut for cells of type $lut.
Using template $paramod$bd82f76ed4b3f439b2ad2bd7a9a4275675dd8e34\$lut for cells of type $lut.
Using template $paramod\$lut\WIDTH=32'00000000000000000000000000000011\LUT=8'11110010 for cells of type $lut.
Using template $paramod$4741707193a814544e089d164ce0a04f15070709\$lut for cells of type $lut.
Using template $paramod$70f68cc10fbeada9b6fa90c3bb75475e348ca467\$lut for cells of type $lut.
Using template $paramod$a1d56211abfa1aaa7a2cc9b3a3197892923d914b\$lut for cells of type $lut.
Using template $paramod\$lut\WIDTH=32'00000000000000000000000000000011\LUT=8'11001110 for cells of type $lut.
No more expansions possible.
<suppressed ~1743 debug messages>
Removed 0 unused cells and 1266 unused wires.

4.46. Executing AUTONAME pass.
Renamed 21339 objects in module fpga_uart_demo (78 iterations).
<suppressed ~1354 debug messages>

4.47. Executing HIERARCHY pass (managing design hierarchy).
Attribute `top' found on module `fpga_uart_demo'. Setting top module to fpga_uart_demo.

4.47.1. Analyzing design hierarchy..
Top module:  \fpga_uart_demo

4.47.2. Analyzing design hierarchy..
Top module:  \fpga_uart_demo
Removed 0 unused modules.

4.48. Printing statistics.

=== fpga_uart_demo ===

   Number of wires:                468
   Number of wire bits:           1679
   Number of public wires:         468
   Number of public wire bits:    1679
   Number of ports:                  6
   Number of port bits:              6
   Number of memories:               0
   Number of memory bits:            0
   Number of processes:              0
   Number of cells:                981
     $scopeinfo                      6
     SB_CARRY                       52
     SB_DFFE                       256
     SB_DFFER                      133
     SB_DFFES                        2
     SB_DFFR                        10
     SB_DFFS                         4
     SB_LUT4                       518

4.49. Executing CHECK pass (checking for obvious problems).
Checking module fpga_uart_demo...
Found and reported 0 problems.

4.50. Executing JSON backend.

5. Executing CHECK pass (checking for obvious problems).
Checking module fpga_uart_demo...
Found and reported 0 problems.
{
   "creator": "Yosys 0.52 (git sha1 fee39a3284c90249e1d9684cf6944ffbbcbb8f90)",
   "invocation": "stat -json ",
   "modules": {
      "\\fpga_uart_demo": {
         "num_wires":         468,
         "num_wire_bits":     1679,
         "num_pub_wires":     468,
         "num_pub_wire_bits": 1679,
         "num_ports":         6,
         "num_port_bits":     6,
         "num_memories":      0,
         "num_memory_bits":   0,
         "num_processes":     0,
         "num_cells":         981,
         "num_cells_by_type": {
            "$scopeinfo": 6,
            "SB_CARRY": 52,
            "SB_DFFE": 256,
            "SB_DFFER": 133,
            "SB_DFFES": 2,
            "SB_DFFR": 10,
            "SB_DFFS": 4,
            "SB_LUT4": 518
         }
      }
   },
      "design": {
         "num_wires":         468,
         "num_wire_bits":     1679,
         "num_pub_wires":     468,
         "num_pub_wire_bits": 1679,
         "num_ports":         6,
         "num_port_bits":     6,
         "num_memories":      0,
         "num_memory_bits":   0,
         "num_processes":     0,
         "num_cells":         981,
         "num_cells_by_type": {
            "$scopeinfo": 6,
            "SB_CARRY": 52,
            "SB_DFFE": 256,
            "SB_DFFER": 133,
            "SB_DFFES": 2,
            "SB_DFFR": 10,
            "SB_DFFS": 4,
            "SB_LUT4": 518
         }
      }
}

